Week,None,D0-D4,D1-D4,D2-D4,D3-D4,D4,DSCI
2025-03-18,0.00,100.00,100.00,100.00,92.60,0.00,393
2025-03-11,0.00,100.00,100.00,100.00,92.60,0.00,393
2025-03-04,0.00,100.00,100.00,100.00,92.46,0.00,392
2025-02-25,0.00,100.00,100.00,100.00,92.46,0.00,392
2025-02-18,0.00,100.00,100.00,100.00,92.46,0.00,392
2025-02-11,0.00,100.00,100.00,100.00,92.46,0.00,392
2025-02-04,0.00,100.00,100.00,100.00,92.46,0.00,392
2025-01-28,0.00,100.00,100.00,100.00,92.46,0.00,392
2025-01-21,0.00,100.00,100.00,100.00,92.46,0.00,392
2025-01-14,0.00,100.00,100.00,100.00,92.46,0.00,392
2025-01-07,0.00,100.00,100.00,100.00,92.46,0.00,392
2024-12-31,0.00,100.00,100.00,100.00,92.46,0.00,392
2024-12-24,0.00,100.00,100.00,100.00,92.46,0.00,392
2024-12-17,0.00,100.00,100.00,100.00,92.46,0.00,392
2024-12-10,0.00,100.00,100.00,100.00,92.46,0.00,392
2024-12-03,0.00,100.00,100.00,100.00,92.46,0.00,392
2024-11-26,0.00,100.00,100.00,100.00,92.46,0.00,392
2024-11-19,0.00,100.00,100.00,100.00,92.46,0.00,392
2024-11-12,0.00,100.00,100.00,100.00,91.99,0.00,392
2024-11-05,0.00,100.00,100.00,99.99,50.68,0.00,351
2024-10-29,0.00,100.00,100.00,99.99,50.68,0.00,351
2024-10-22,0.00,100.00,100.00,99.99,50.68,0.00,351
2024-10-15,0.00,100.00,100.00,99.99,50.68,0.00,351
2024-10-08,0.00,100.00,100.00,98.15,50.68,0.00,349
2024-10-01,0.00,100.00,100.00,79.94,34.23,0.00,314
2024-09-24,0.00,100.00,100.00,79.94,0.04,0.00,280
2024-09-17,0.00,100.00,100.00,79.94,0.04,0.00,280
2024-09-10,0.00,100.00,100.00,79.94,0.04,0.00,280
2024-09-03,0.00,100.00,100.00,79.94,0.04,0.00,280
2024-08-27,0.00,100.00,100.00,98.57,18.76,0.00,317
2024-08-20,0.00,100.00,100.00,89.61,18.76,0.00,308
2024-08-13,0.00,100.00,100.00,89.61,0.00,0.00,290
2024-08-06,0.00,100.00,100.00,89.61,0.00,0.00,290
2024-07-30,0.00,100.00,100.00,13.32,0.00,0.00,213
2024-07-23,0.00,100.00,100.00,13.32,0.00,0.00,213
2024-07-16,0.00,100.00,100.00,16.64,0.00,0.00,217
2024-07-09,0.00,100.00,100.00,16.64,0.00,0.00,217
2024-07-02,0.00,100.00,100.00,13.18,0.00,0.00,213
2024-06-25,0.00,100.00,100.00,0.25,0.00,0.00,200
2024-06-18,0.00,100.00,100.00,0.25,0.00,0.00,200
2024-06-11,0.00,100.00,100.00,0.25,0.00,0.00,200
2024-06-04,0.00,100.00,100.00,0.18,0.00,0.00,200
2024-05-28,0.00,100.00,100.00,0.18,0.00,0.00,200
2024-05-21,0.00,100.00,100.00,0.18,0.00,0.00,200
2024-05-14,0.00,100.00,100.00,0.18,0.00,0.00,200
2024-05-07,0.00,100.00,100.00,0.18,0.00,0.00,200
2024-04-30,0.00,100.00,100.00,0.18,0.00,0.00,200
2024-04-23,0.00,100.00,100.00,0.18,0.00,0.00,200
2024-04-16,0.00,100.00,100.00,0.18,0.00,0.00,200
2024-04-09,0.00,100.00,100.00,0.18,0.00,0.00,200
2024-04-02,0.00,100.00,100.00,0.18,0.00,0.00,200
2024-03-26,0.00,100.00,100.00,0.18,0.00,0.00,200
2024-03-19,0.00,100.00,100.00,0.18,0.00,0.00,200
2024-03-12,0.00,100.00,100.00,0.18,0.00,0.00,200
2024-03-05,0.00,100.00,100.00,0.18,0.00,0.00,200
2024-02-27,0.00,100.00,100.00,0.18,0.00,0.00,200
2024-02-20,0.00,100.00,100.00,0.18,0.00,0.00,200
2024-02-13,0.00,100.00,100.00,0.18,0.00,0.00,200
2024-02-06,0.00,100.00,100.00,0.18,0.00,0.00,200
2024-01-30,0.00,100.00,100.00,0.18,0.00,0.00,200
2024-01-23,0.00,100.00,100.00,0.18,0.00,0.00,200
2024-01-16,0.00,100.00,100.00,0.18,0.00,0.00,200
2024-01-09,0.00,100.00,100.00,0.18,0.00,0.00,200
2024-01-02,0.00,100.00,100.00,0.18,0.00,0.00,200
2023-12-26,0.00,100.00,100.00,0.18,0.00,0.00,200
2023-12-19,0.00,100.00,100.00,0.18,0.00,0.00,200
2023-12-12,0.00,100.00,100.00,0.18,0.00,0.00,200
2023-12-05,0.00,100.00,100.00,0.18,0.00,0.00,200
2023-11-28,0.00,100.00,100.00,0.18,0.00,0.00,200
2023-11-21,0.00,100.00,100.00,100.00,0.00,0.00,300
2023-11-14,0.00,100.00,100.00,100.00,12.40,0.00,312
2023-11-07,0.00,100.00,100.00,100.00,22.41,0.00,322
2023-10-31,0.00,100.00,100.00,100.00,22.41,0.00,322
2023-10-24,0.00,100.00,100.00,100.00,22.41,0.00,322
2023-10-17,0.00,100.00,100.00,100.00,97.80,0.00,398
2023-10-10,0.00,100.00,100.00,100.00,97.80,0.00,398
2023-10-03,0.00,100.00,100.00,100.00,97.80,0.00,398
2023-09-26,0.00,100.00,100.00,100.00,97.80,0.00,398
2023-09-19,0.00,100.00,100.00,100.00,97.80,0.00,398
2023-09-12,0.00,100.00,100.00,100.00,97.80,0.00,398
2023-09-05,0.00,100.00,100.00,100.00,97.80,0.00,398
2023-08-29,0.00,100.00,100.00,100.00,0.00,0.00,300
2023-08-22,0.00,100.00,100.00,100.00,0.00,0.00,300
2023-08-15,0.00,100.00,100.00,100.00,0.00,0.00,300
2023-08-08,0.00,100.00,100.00,100.00,0.00,0.00,300
2023-08-01,0.00,100.00,100.00,0.00,0.00,0.00,200
2023-07-25,0.00,100.00,100.00,0.00,0.00,0.00,200
2023-07-18,0.00,100.00,100.00,0.00,0.00,0.00,200
2023-07-11,0.00,100.00,100.00,0.00,0.00,0.00,200
2023-07-04,0.00,100.00,100.00,0.00,0.00,0.00,200
2023-06-27,0.00,100.00,100.00,0.00,0.00,0.00,200
2023-06-20,0.00,100.00,100.00,0.00,0.00,0.00,200
2023-06-13,0.00,100.00,30.75,0.00,0.00,0.00,131
2023-06-06,0.00,100.00,29.86,0.00,0.00,0.00,130
2023-05-30,0.00,100.00,30.14,0.00,0.00,0.00,130
2023-05-23,0.00,100.00,30.14,0.00,0.00,0.00,130
2023-05-16,0.00,100.00,79.85,0.00,0.00,0.00,180
2023-05-09,0.00,100.00,79.85,0.00,0.00,0.00,180
2023-05-02,0.00,100.00,79.88,0.00,0.00,0.00,180
2023-04-25,0.00,100.00,11.21,0.00,0.00,0.00,111
2023-04-18,0.00,100.00,11.21,0.00,0.00,0.00,111
2023-04-11,0.00,100.00,11.21,0.00,0.00,0.00,111
2023-04-04,0.00,100.00,11.40,0.00,0.00,0.00,111
2023-03-28,0.00,100.00,11.40,0.00,0.00,0.00,111
2023-03-21,0.00,100.00,11.40,0.00,0.00,0.00,111
2023-03-14,0.00,100.00,11.40,0.00,0.00,0.00,111
2023-03-07,0.00,100.00,11.40,0.00,0.00,0.00,111
2023-02-28,0.00,100.00,23.99,0.00,0.00,0.00,124
2023-02-21,0.00,100.00,23.99,0.00,0.00,0.00,124
2023-02-14,0.00,100.00,23.99,0.00,0.00,0.00,124
2023-02-07,0.00,100.00,23.99,0.00,0.00,0.00,124
2023-01-31,0.00,100.00,23.99,0.00,0.00,0.00,124
2023-01-24,0.00,100.00,23.99,0.00,0.00,0.00,124
2023-01-17,0.00,100.00,23.99,0.00,0.00,0.00,124
2023-01-10,0.00,100.00,23.99,0.00,0.00,0.00,124
2023-01-03,0.00,100.00,23.99,0.00,0.00,0.00,124
2022-12-27,0.00,100.00,23.99,0.00,0.00,0.00,124
2022-12-20,0.00,100.00,23.99,0.00,0.00,0.00,124
2022-12-13,0.00,100.00,23.99,0.00,0.00,0.00,124
2022-12-06,0.00,100.00,23.99,0.00,0.00,0.00,124
2022-11-29,0.00,100.00,23.99,0.00,0.00,0.00,124
2022-11-22,0.00,100.00,24.26,0.00,0.00,0.00,124
2022-11-15,0.00,100.00,24.26,0.00,0.00,0.00,124
2022-11-08,0.00,100.00,24.26,0.00,0.00,0.00,124
2022-11-01,0.00,100.00,24.26,0.00,0.00,0.00,124
2022-10-25,0.00,100.00,24.24,0.00,0.00,0.00,124
2022-10-18,0.00,100.00,24.24,0.00,0.00,0.00,124
2022-10-11,0.00,100.00,24.24,0.00,0.00,0.00,124
2022-10-04,0.00,100.00,49.35,0.00,0.00,0.00,149
2022-09-27,0.00,100.00,49.42,0.00,0.00,0.00,149
2022-09-20,0.00,100.00,49.42,0.00,0.00,0.00,149
2022-09-13,0.00,100.00,49.42,0.00,0.00,0.00,149
2022-09-06,0.00,100.00,99.65,0.00,0.00,0.00,200
2022-08-30,0.00,100.00,100.00,45.29,0.00,0.00,245
2022-08-23,0.00,100.00,100.00,100.00,45.28,0.00,345
2022-08-16,0.00,100.00,100.00,100.00,48.55,12.86,361
2022-08-09,0.00,100.00,100.00,100.00,48.76,12.86,362
2022-08-02,0.00,100.00,100.00,100.00,48.76,12.86,362
2022-07-26,0.00,100.00,100.00,100.00,93.76,12.86,407
2022-07-19,0.00,100.00,100.00,100.00,93.76,12.86,407
2022-07-12,0.00,100.00,100.00,100.00,93.76,12.86,407
2022-07-05,0.00,100.00,100.00,100.00,100.00,27.26,427
2022-06-28,0.00,100.00,100.00,100.00,100.00,27.26,427
2022-06-21,0.00,100.00,100.00,100.00,100.00,76.07,476
2022-06-14,0.00,100.00,100.00,100.00,100.00,76.07,476
2022-06-07,0.00,100.00,100.00,100.00,100.00,76.07,476
2022-05-31,0.00,100.00,100.00,100.00,100.00,100.00,500
2022-05-24,0.00,100.00,100.00,100.00,100.00,100.00,500
2022-05-17,0.00,100.00,100.00,100.00,100.00,100.00,500
2022-05-10,0.00,100.00,100.00,100.00,100.00,40.38,440
2022-05-03,0.00,100.00,100.00,100.00,100.00,40.38,440
2022-04-26,0.00,100.00,100.00,100.00,100.00,0.00,400
2022-04-19,0.00,100.00,100.00,100.00,100.00,0.00,400
2022-04-12,0.00,100.00,100.00,100.00,100.00,0.00,400
2022-04-05,0.00,100.00,100.00,100.00,100.00,0.00,400
2022-03-29,0.00,100.00,100.00,100.00,100.00,0.00,400
2022-03-22,0.00,100.00,100.00,100.00,48.79,0.00,349
2022-03-15,0.00,100.00,100.00,100.00,48.79,0.00,349
2022-03-08,0.00,100.00,100.00,100.00,18.50,0.00,319
2022-03-01,0.00,100.00,100.00,49.18,0.00,0.00,249
2022-02-22,0.00,100.00,100.00,49.18,0.00,0.00,249
2022-02-15,0.00,100.00,100.00,49.18,0.00,0.00,249
2022-02-08,0.00,100.00,100.00,49.86,0.00,0.00,250
2022-02-01,0.00,100.00,100.00,49.18,0.00,0.00,249
2022-01-25,0.00,100.00,100.00,49.18,0.00,0.00,249
2022-01-18,0.00,100.00,100.00,49.18,0.00,0.00,249
2022-01-11,0.00,100.00,100.00,49.18,0.00,0.00,249
2022-01-04,0.00,100.00,100.00,0.00,0.00,0.00,200
2021-12-28,0.00,100.00,100.00,0.00,0.00,0.00,200
2021-12-21,0.00,100.00,100.00,0.00,0.00,0.00,200
2021-12-14,0.00,100.00,100.00,0.00,0.00,0.00,200
2021-12-07,0.00,100.00,100.00,0.00,0.00,0.00,200
2021-11-30,0.00,100.00,29.87,0.00,0.00,0.00,130
2021-11-23,0.00,100.00,0.00,0.00,0.00,0.00,100
2021-11-16,0.00,100.00,0.00,0.00,0.00,0.00,100
2021-11-09,0.00,100.00,0.00,0.00,0.00,0.00,100
2021-11-02,0.00,100.00,0.00,0.00,0.00,0.00,100
2021-10-26,42.21,57.79,0.00,0.00,0.00,0.00,58
2021-10-19,100.00,0.00,0.00,0.00,0.00,0.00,0
2021-10-12,100.00,0.00,0.00,0.00,0.00,0.00,0
2021-10-05,100.00,0.00,0.00,0.00,0.00,0.00,0
2021-09-28,100.00,0.00,0.00,0.00,0.00,0.00,0
2021-09-21,100.00,0.00,0.00,0.00,0.00,0.00,0
2021-09-14,100.00,0.00,0.00,0.00,0.00,0.00,0
2021-09-07,100.00,0.00,0.00,0.00,0.00,0.00,0
2021-08-31,100.00,0.00,0.00,0.00,0.00,0.00,0
2021-08-24,100.00,0.00,0.00,0.00,0.00,0.00,0
2021-08-17,100.00,0.00,0.00,0.00,0.00,0.00,0
2021-08-10,100.00,0.00,0.00,0.00,0.00,0.00,0
2021-08-03,100.00,0.00,0.00,0.00,0.00,0.00,0
2021-07-27,100.00,0.00,0.00,0.00,0.00,0.00,0
2021-07-20,100.00,0.00,0.00,0.00,0.00,0.00,0
2021-07-13,100.00,0.00,0.00,0.00,0.00,0.00,0
2021-07-06,11.82,88.18,0.00,0.00,0.00,0.00,88
2021-06-29,11.82,88.18,48.16,0.00,0.00,0.00,136
2021-06-22,0.00,100.00,88.18,48.35,0.00,0.00,237
2021-06-15,0.00,100.00,88.18,49.34,0.00,0.00,238
2021-06-08,0.00,100.00,88.18,49.34,0.00,0.00,238
2021-06-01,0.00,100.00,100.00,99.48,47.57,25.15,372
2021-05-25,0.00,100.00,100.00,100.00,89.60,46.30,436
2021-05-18,0.00,100.00,100.00,100.00,87.77,46.30,434
2021-05-11,0.00,100.00,100.00,100.00,87.77,46.30,434
2021-05-04,0.00,100.00,100.00,100.00,87.77,46.30,434
2021-04-27,0.00,100.00,100.00,100.00,100.00,46.48,446
2021-04-20,0.00,100.00,100.00,100.00,100.00,46.48,446
2021-04-13,0.00,100.00,100.00,100.00,100.00,46.48,446
2021-04-06,0.00,100.00,100.00,100.00,100.00,46.48,446
2021-03-30,0.00,100.00,100.00,100.00,66.34,27.47,394
2021-03-23,0.00,100.00,100.00,100.00,66.34,27.47,394
2021-03-16,0.00,100.00,100.00,100.00,66.34,27.47,394
2021-03-09,0.00,100.00,100.00,100.00,66.34,27.47,394
2021-03-02,0.00,100.00,100.00,100.00,66.34,27.47,394
2021-02-23,0.00,100.00,100.00,100.00,66.34,27.47,394
2021-02-16,0.00,100.00,100.00,100.00,92.74,42.00,435
2021-02-09,0.00,100.00,100.00,100.00,100.00,42.00,442
2021-02-02,0.00,100.00,100.00,100.00,100.00,42.00,442
2021-01-26,0.00,100.00,100.00,100.00,100.00,42.00,442
2021-01-19,0.00,100.00,100.00,100.00,100.00,42.00,442
2021-01-12,0.00,100.00,100.00,100.00,100.00,42.00,442
2021-01-05,0.00,100.00,100.00,100.00,100.00,81.77,482
2020-12-29,0.00,100.00,100.00,100.00,100.00,100.00,500
2020-12-22,0.00,100.00,100.00,100.00,100.00,100.00,500
2020-12-15,0.00,100.00,100.00,100.00,100.00,100.00,500
2020-12-08,0.00,100.00,100.00,100.00,100.00,100.00,500
2020-12-01,0.00,100.00,100.00,100.00,100.00,100.00,500
2020-11-24,0.00,100.00,100.00,100.00,100.00,100.00,500
2020-11-17,0.00,100.00,100.00,100.00,100.00,100.00,500
2020-11-10,0.00,100.00,100.00,100.00,100.00,98.83,499
2020-11-03,0.00,100.00,100.00,100.00,100.00,0.00,400
2020-10-27,0.00,100.00,100.00,100.00,100.00,0.00,400
2020-10-20,0.00,100.00,100.00,100.00,100.00,0.00,400
2020-10-13,0.00,100.00,100.00,100.00,100.00,0.00,400
2020-10-06,0.00,100.00,100.00,100.00,100.00,0.00,400
2020-09-29,0.00,100.00,100.00,100.00,100.00,0.00,400
2020-09-22,0.00,100.00,100.00,100.00,100.00,0.00,400
2020-09-15,0.00,100.00,100.00,100.00,100.00,0.00,400
2020-09-08,0.00,100.00,100.00,100.00,100.00,0.00,400
2020-09-01,0.00,100.00,100.00,100.00,100.00,0.00,400
2020-08-25,0.00,100.00,100.00,100.00,32.47,0.00,332
2020-08-18,0.00,100.00,100.00,100.00,17.68,0.00,318
2020-08-11,0.00,100.00,100.00,100.00,17.68,0.00,318
2020-08-04,0.00,100.00,100.00,100.00,17.68,0.00,318
2020-07-28,0.00,100.00,100.00,100.00,3.76,0.00,304
2020-07-21,0.00,100.00,100.00,17.75,0.00,0.00,218
2020-07-14,0.00,100.00,100.00,17.75,0.00,0.00,218
2020-07-07,0.00,100.00,100.00,17.75,0.00,0.00,218
2020-06-30,0.00,100.00,100.00,17.75,0.00,0.00,218
2020-06-23,0.00,100.00,100.00,17.75,0.00,0.00,218
2020-06-16,0.00,100.00,100.00,0.00,0.00,0.00,200
2020-06-09,0.00,100.00,96.63,0.00,0.00,0.00,197
2020-06-02,0.00,100.00,0.00,0.00,0.00,0.00,100
2020-05-26,8.99,91.01,0.00,0.00,0.00,0.00,91
2020-05-19,14.72,85.28,0.00,0.00,0.00,0.00,85
2020-05-12,100.00,0.00,0.00,0.00,0.00,0.00,0
2020-05-05,100.00,0.00,0.00,0.00,0.00,0.00,0
2020-04-28,100.00,0.00,0.00,0.00,0.00,0.00,0
2020-04-21,100.00,0.00,0.00,0.00,0.00,0.00,0
2020-04-14,100.00,0.00,0.00,0.00,0.00,0.00,0
2020-04-07,100.00,0.00,0.00,0.00,0.00,0.00,0
2020-03-31,100.00,0.00,0.00,0.00,0.00,0.00,0
2020-03-24,100.00,0.00,0.00,0.00,0.00,0.00,0
2020-03-17,100.00,0.00,0.00,0.00,0.00,0.00,0
2020-03-10,100.00,0.00,0.00,0.00,0.00,0.00,0
2020-03-03,100.00,0.00,0.00,0.00,0.00,0.00,0
2020-02-25,100.00,0.00,0.00,0.00,0.00,0.00,0
2020-02-18,100.00,0.00,0.00,0.00,0.00,0.00,0
2020-02-11,100.00,0.00,0.00,0.00,0.00,0.00,0
2020-02-04,100.00,0.00,0.00,0.00,0.00,0.00,0
2020-01-28,90.07,9.93,0.00,0.00,0.00,0.00,10
2020-01-21,90.07,9.93,0.00,0.00,0.00,0.00,10
2020-01-14,100.00,0.00,0.00,0.00,0.00,0.00,0
2020-01-07,100.00,0.00,0.00,0.00,0.00,0.00,0
2019-12-31,100.00,0.00,0.00,0.00,0.00,0.00,0
2019-12-24,100.00,0.00,0.00,0.00,0.00,0.00,0
2019-12-17,100.00,0.00,0.00,0.00,0.00,0.00,0
2019-12-10,100.00,0.00,0.00,0.00,0.00,0.00,0
2019-12-03,100.00,0.00,0.00,0.00,0.00,0.00,0
2019-11-26,100.00,0.00,0.00,0.00,0.00,0.00,0
2019-11-19,100.00,0.00,0.00,0.00,0.00,0.00,0
2019-11-12,100.00,0.00,0.00,0.00,0.00,0.00,0
2019-11-05,100.00,0.00,0.00,0.00,0.00,0.00,0
2019-10-29,100.00,0.00,0.00,0.00,0.00,0.00,0
2019-10-22,100.00,0.00,0.00,0.00,0.00,0.00,0
2019-10-15,100.00,0.00,0.00,0.00,0.00,0.00,0
2019-10-08,100.00,0.00,0.00,0.00,0.00,0.00,0
2019-10-01,34.57,65.43,0.00,0.00,0.00,0.00,65
2019-09-24,35.03,64.97,0.00,0.00,0.00,0.00,65
2019-09-17,4.61,95.39,0.00,0.00,0.00,0.00,95
2019-09-10,4.61,95.39,0.00,0.00,0.00,0.00,95
2019-09-03,3.40,96.60,0.00,0.00,0.00,0.00,97
2019-08-27,16.40,83.60,0.00,0.00,0.00,0.00,84
2019-08-20,26.90,73.10,0.00,0.00,0.00,0.00,73
2019-08-13,100.00,0.00,0.00,0.00,0.00,0.00,0
2019-08-06,100.00,0.00,0.00,0.00,0.00,0.00,0
2019-07-30,100.00,0.00,0.00,0.00,0.00,0.00,0
2019-07-23,100.00,0.00,0.00,0.00,0.00,0.00,0
2019-07-16,100.00,0.00,0.00,0.00,0.00,0.00,0
2019-07-09,100.00,0.00,0.00,0.00,0.00,0.00,0
2019-07-02,100.00,0.00,0.00,0.00,0.00,0.00,0
2019-06-25,100.00,0.00,0.00,0.00,0.00,0.00,0
2019-06-18,100.00,0.00,0.00,0.00,0.00,0.00,0
2019-06-11,100.00,0.00,0.00,0.00,0.00,0.00,0
2019-06-04,100.00,0.00,0.00,0.00,0.00,0.00,0
2019-05-28,100.00,0.00,0.00,0.00,0.00,0.00,0
2019-05-21,100.00,0.00,0.00,0.00,0.00,0.00,0
2019-05-14,100.00,0.00,0.00,0.00,0.00,0.00,0
2019-05-07,100.00,0.00,0.00,0.00,0.00,0.00,0
2019-04-30,100.00,0.00,0.00,0.00,0.00,0.00,0
2019-04-23,100.00,0.00,0.00,0.00,0.00,0.00,0
2019-04-16,100.00,0.00,0.00,0.00,0.00,0.00,0
2019-04-09,100.00,0.00,0.00,0.00,0.00,0.00,0
2019-04-02,100.00,0.00,0.00,0.00,0.00,0.00,0
2019-03-26,100.00,0.00,0.00,0.00,0.00,0.00,0
2019-03-19,100.00,0.00,0.00,0.00,0.00,0.00,0
2019-03-12,93.95,6.05,0.00,0.00,0.00,0.00,6
2019-03-05,0.00,100.00,0.00,0.00,0.00,0.00,100
2019-02-26,0.00,100.00,0.00,0.00,0.00,0.00,100
2019-02-19,100.00,0.00,0.00,0.00,0.00,0.00,0
2019-02-12,100.00,0.00,0.00,0.00,0.00,0.00,0
2019-02-05,100.00,0.00,0.00,0.00,0.00,0.00,0
2019-01-29,100.00,0.00,0.00,0.00,0.00,0.00,0
2019-01-22,100.00,0.00,0.00,0.00,0.00,0.00,0
2019-01-15,100.00,0.00,0.00,0.00,0.00,0.00,0
2019-01-08,100.00,0.00,0.00,0.00,0.00,0.00,0
2019-01-01,100.00,0.00,0.00,0.00,0.00,0.00,0
2018-12-25,100.00,0.00,0.00,0.00,0.00,0.00,0
2018-12-18,100.00,0.00,0.00,0.00,0.00,0.00,0
2018-12-11,100.00,0.00,0.00,0.00,0.00,0.00,0
2018-12-04,100.00,0.00,0.00,0.00,0.00,0.00,0
2018-11-27,100.00,0.00,0.00,0.00,0.00,0.00,0
2018-11-20,100.00,0.00,0.00,0.00,0.00,0.00,0
2018-11-13,100.00,0.00,0.00,0.00,0.00,0.00,0
2018-11-06,100.00,0.00,0.00,0.00,0.00,0.00,0
2018-10-30,100.00,0.00,0.00,0.00,0.00,0.00,0
2018-10-23,100.00,0.00,0.00,0.00,0.00,0.00,0
2018-10-16,98.88,1.12,0.00,0.00,0.00,0.00,1
2018-10-09,87.80,12.20,0.90,0.00,0.00,0.00,13
2018-10-02,87.80,12.20,0.90,0.00,0.00,0.00,13
2018-09-25,87.80,12.20,0.90,0.00,0.00,0.00,13
2018-09-18,87.80,12.20,0.90,0.00,0.00,0.00,13
2018-09-11,87.80,12.20,0.90,0.00,0.00,0.00,13
2018-09-04,51.72,48.28,0.90,0.00,0.00,0.00,49
2018-08-28,51.72,48.28,0.90,0.00,0.00,0.00,49
2018-08-21,51.72,48.28,0.90,0.00,0.00,0.00,49
2018-08-14,0.00,100.00,0.90,0.00,0.00,0.00,101
2018-08-07,0.00,100.00,36.95,0.00,0.00,0.00,137
2018-07-31,0.00,100.00,36.95,0.00,0.00,0.00,137
2018-07-24,0.00,100.00,38.63,0.00,0.00,0.00,139
2018-07-17,0.00,100.00,39.18,0.00,0.00,0.00,139
2018-07-10,0.00,100.00,89.36,0.00,0.00,0.00,189
2018-07-03,0.00,100.00,0.00,0.00,0.00,0.00,100
2018-06-26,100.00,0.00,0.00,0.00,0.00,0.00,0
2018-06-19,100.00,0.00,0.00,0.00,0.00,0.00,0
2018-06-12,43.10,56.90,0.00,0.00,0.00,0.00,57
2018-06-05,0.00,100.00,7.58,0.00,0.00,0.00,108
2018-05-29,0.00,100.00,99.36,13.07,0.00,0.00,212
2018-05-22,0.00,100.00,100.00,2.51,0.00,0.00,203
2018-05-15,0.00,100.00,100.00,1.68,0.00,0.00,202
2018-05-08,0.00,100.00,91.30,0.00,0.00,0.00,191
2018-05-01,0.00,100.00,91.30,0.00,0.00,0.00,191
2018-04-24,0.00,100.00,100.00,0.00,0.00,0.00,200
2018-04-17,0.00,100.00,100.00,0.00,0.00,0.00,200
2018-04-10,0.00,100.00,100.00,0.00,0.00,0.00,200
2018-04-03,0.00,100.00,100.00,0.00,0.00,0.00,200
2018-03-27,0.00,100.00,100.00,0.00,0.00,0.00,200
2018-03-20,0.00,100.00,100.00,0.00,0.00,0.00,200
2018-03-13,0.00,100.00,62.53,0.00,0.00,0.00,163
2018-03-06,0.00,100.00,62.53,0.00,0.00,0.00,163
2018-02-27,0.00,100.00,62.53,0.00,0.00,0.00,163
2018-02-20,0.00,100.00,62.53,0.00,0.00,0.00,163
2018-02-13,0.00,100.00,62.53,0.00,0.00,0.00,163
2018-02-06,0.00,100.00,0.00,0.00,0.00,0.00,100
2018-01-30,0.00,100.00,0.00,0.00,0.00,0.00,100
2018-01-23,24.24,75.76,0.00,0.00,0.00,0.00,76
2018-01-16,51.63,48.37,0.00,0.00,0.00,0.00,48
2018-01-09,51.20,48.80,0.00,0.00,0.00,0.00,49
2018-01-02,100.00,0.00,0.00,0.00,0.00,0.00,0
2017-12-26,100.00,0.00,0.00,0.00,0.00,0.00,0
2017-12-19,100.00,0.00,0.00,0.00,0.00,0.00,0
2017-12-12,100.00,0.00,0.00,0.00,0.00,0.00,0
2017-12-05,100.00,0.00,0.00,0.00,0.00,0.00,0
2017-11-28,100.00,0.00,0.00,0.00,0.00,0.00,0
2017-11-21,100.00,0.00,0.00,0.00,0.00,0.00,0
2017-11-14,100.00,0.00,0.00,0.00,0.00,0.00,0
2017-11-07,100.00,0.00,0.00,0.00,0.00,0.00,0
2017-10-31,100.00,0.00,0.00,0.00,0.00,0.00,0
2017-10-24,100.00,0.00,0.00,0.00,0.00,0.00,0
2017-10-17,100.00,0.00,0.00,0.00,0.00,0.00,0
2017-10-10,100.00,0.00,0.00,0.00,0.00,0.00,0
2017-10-03,100.00,0.00,0.00,0.00,0.00,0.00,0
2017-09-26,100.00,0.00,0.00,0.00,0.00,0.00,0
2017-09-19,99.94,0.06,0.00,0.00,0.00,0.00,0
2017-09-12,100.00,0.00,0.00,0.00,0.00,0.00,0
2017-09-05,100.00,0.00,0.00,0.00,0.00,0.00,0
2017-08-29,100.00,0.00,0.00,0.00,0.00,0.00,0
2017-08-22,100.00,0.00,0.00,0.00,0.00,0.00,0
2017-08-15,100.00,0.00,0.00,0.00,0.00,0.00,0
2017-08-08,100.00,0.00,0.00,0.00,0.00,0.00,0
2017-08-01,10.57,89.43,0.00,0.00,0.00,0.00,89
2017-07-25,2.68,97.32,0.00,0.00,0.00,0.00,97
2017-07-18,2.68,97.32,0.00,0.00,0.00,0.00,97
2017-07-11,2.68,97.32,0.00,0.00,0.00,0.00,97
2017-07-04,0.15,99.85,0.00,0.00,0.00,0.00,100
2017-06-27,100.00,0.00,0.00,0.00,0.00,0.00,0
2017-06-20,100.00,0.00,0.00,0.00,0.00,0.00,0
2017-06-13,100.00,0.00,0.00,0.00,0.00,0.00,0
2017-06-06,100.00,0.00,0.00,0.00,0.00,0.00,0
2017-05-30,99.97,0.03,0.00,0.00,0.00,0.00,0
2017-05-23,100.00,0.00,0.00,0.00,0.00,0.00,0
2017-05-16,100.00,0.00,0.00,0.00,0.00,0.00,0
2017-05-09,100.00,0.00,0.00,0.00,0.00,0.00,0
2017-05-02,100.00,0.00,0.00,0.00,0.00,0.00,0
2017-04-25,100.00,0.00,0.00,0.00,0.00,0.00,0
2017-04-18,100.00,0.00,0.00,0.00,0.00,0.00,0
2017-04-11,100.00,0.00,0.00,0.00,0.00,0.00,0
2017-04-04,100.00,0.00,0.00,0.00,0.00,0.00,0
2017-03-28,90.54,9.46,0.00,0.00,0.00,0.00,9
2017-03-21,90.54,9.46,0.00,0.00,0.00,0.00,9
2017-03-14,7.63,92.37,0.00,0.00,0.00,0.00,92
2017-03-07,94.67,5.33,0.00,0.00,0.00,0.00,5
2017-02-28,100.00,0.00,0.00,0.00,0.00,0.00,0
2017-02-21,100.00,0.00,0.00,0.00,0.00,0.00,0
2017-02-14,100.00,0.00,0.00,0.00,0.00,0.00,0
2017-02-07,100.00,0.00,0.00,0.00,0.00,0.00,0
2017-01-31,100.00,0.00,0.00,0.00,0.00,0.00,0
2017-01-24,100.00,0.00,0.00,0.00,0.00,0.00,0
2017-01-17,100.00,0.00,0.00,0.00,0.00,0.00,0
2017-01-10,100.00,0.00,0.00,0.00,0.00,0.00,0
2017-01-03,100.00,0.00,0.00,0.00,0.00,0.00,0
2016-12-27,100.00,0.00,0.00,0.00,0.00,0.00,0
2016-12-20,100.00,0.00,0.00,0.00,0.00,0.00,0
2016-12-13,100.00,0.00,0.00,0.00,0.00,0.00,0
2016-12-06,100.00,0.00,0.00,0.00,0.00,0.00,0
2016-11-29,100.00,0.00,0.00,0.00,0.00,0.00,0
2016-11-22,100.00,0.00,0.00,0.00,0.00,0.00,0
2016-11-15,100.00,0.00,0.00,0.00,0.00,0.00,0
2016-11-08,100.00,0.00,0.00,0.00,0.00,0.00,0
2016-11-01,100.00,0.00,0.00,0.00,0.00,0.00,0
2016-10-25,100.00,0.00,0.00,0.00,0.00,0.00,0
2016-10-18,100.00,0.00,0.00,0.00,0.00,0.00,0
2016-10-11,100.00,0.00,0.00,0.00,0.00,0.00,0
2016-10-04,100.00,0.00,0.00,0.00,0.00,0.00,0
2016-09-27,100.00,0.00,0.00,0.00,0.00,0.00,0
2016-09-20,100.00,0.00,0.00,0.00,0.00,0.00,0
2016-09-13,100.00,0.00,0.00,0.00,0.00,0.00,0
2016-09-06,100.00,0.00,0.00,0.00,0.00,0.00,0
2016-08-30,100.00,0.00,0.00,0.00,0.00,0.00,0
2016-08-23,97.88,2.12,0.00,0.00,0.00,0.00,2
2016-08-16,97.88,2.12,0.00,0.00,0.00,0.00,2
2016-08-09,56.00,44.00,0.08,0.00,0.00,0.00,44
2016-08-02,56.00,44.00,0.08,0.00,0.00,0.00,44
2016-07-26,56.00,44.00,0.00,0.00,0.00,0.00,44
2016-07-19,100.00,0.00,0.00,0.00,0.00,0.00,0
2016-07-12,100.00,0.00,0.00,0.00,0.00,0.00,0
2016-07-05,100.00,0.00,0.00,0.00,0.00,0.00,0
2016-06-28,100.00,0.00,0.00,0.00,0.00,0.00,0
2016-06-21,100.00,0.00,0.00,0.00,0.00,0.00,0
2016-06-14,100.00,0.00,0.00,0.00,0.00,0.00,0
2016-06-07,100.00,0.00,0.00,0.00,0.00,0.00,0
2016-05-31,100.00,0.00,0.00,0.00,0.00,0.00,0
2016-05-24,40.85,59.15,0.00,0.00,0.00,0.00,59
2016-05-17,100.00,0.00,0.00,0.00,0.00,0.00,0
2016-05-10,63.64,36.36,0.00,0.00,0.00,0.00,36
2016-05-03,63.64,36.36,0.00,0.00,0.00,0.00,36
2016-04-26,65.16,34.84,0.00,0.00,0.00,0.00,35
2016-04-19,65.16,34.84,0.00,0.00,0.00,0.00,35
2016-04-12,65.40,34.60,0.00,0.00,0.00,0.00,35
2016-04-05,65.40,34.60,0.00,0.00,0.00,0.00,35
2016-03-29,0.00,100.00,0.00,0.00,0.00,0.00,100
2016-03-22,6.05,93.95,0.00,0.00,0.00,0.00,94
2016-03-15,6.05,93.95,0.00,0.00,0.00,0.00,94
2016-03-08,6.05,93.95,0.00,0.00,0.00,0.00,94
2016-03-01,6.05,93.95,0.00,0.00,0.00,0.00,94
2016-02-23,6.05,93.95,0.00,0.00,0.00,0.00,94
2016-02-16,100.00,0.00,0.00,0.00,0.00,0.00,0
2016-02-09,100.00,0.00,0.00,0.00,0.00,0.00,0
2016-02-02,100.00,0.00,0.00,0.00,0.00,0.00,0
2016-01-26,100.00,0.00,0.00,0.00,0.00,0.00,0
2016-01-19,100.00,0.00,0.00,0.00,0.00,0.00,0
2016-01-12,100.00,0.00,0.00,0.00,0.00,0.00,0
2016-01-05,100.00,0.00,0.00,0.00,0.00,0.00,0
2015-12-29,100.00,0.00,0.00,0.00,0.00,0.00,0
2015-12-22,100.00,0.00,0.00,0.00,0.00,0.00,0
2015-12-15,100.00,0.00,0.00,0.00,0.00,0.00,0
2015-12-08,100.00,0.00,0.00,0.00,0.00,0.00,0
2015-12-01,100.00,0.00,0.00,0.00,0.00,0.00,0
2015-11-24,100.00,0.00,0.00,0.00,0.00,0.00,0
2015-11-17,100.00,0.00,0.00,0.00,0.00,0.00,0
2015-11-10,100.00,0.00,0.00,0.00,0.00,0.00,0
2015-11-03,100.00,0.00,0.00,0.00,0.00,0.00,0
2015-10-27,100.00,0.00,0.00,0.00,0.00,0.00,0
2015-10-20,100.00,0.00,0.00,0.00,0.00,0.00,0
2015-10-13,100.00,0.00,0.00,0.00,0.00,0.00,0
2015-10-06,100.00,0.00,0.00,0.00,0.00,0.00,0
2015-09-29,100.00,0.00,0.00,0.00,0.00,0.00,0
2015-09-22,100.00,0.00,0.00,0.00,0.00,0.00,0
2015-09-15,100.00,0.00,0.00,0.00,0.00,0.00,0
2015-09-08,100.00,0.00,0.00,0.00,0.00,0.00,0
2015-09-01,100.00,0.00,0.00,0.00,0.00,0.00,0
2015-08-25,100.00,0.00,0.00,0.00,0.00,0.00,0
2015-08-18,100.00,0.00,0.00,0.00,0.00,0.00,0
2015-08-11,100.00,0.00,0.00,0.00,0.00,0.00,0
2015-08-04,100.00,0.00,0.00,0.00,0.00,0.00,0
2015-07-28,100.00,0.00,0.00,0.00,0.00,0.00,0
2015-07-21,100.00,0.00,0.00,0.00,0.00,0.00,0
2015-07-14,100.00,0.00,0.00,0.00,0.00,0.00,0
2015-07-07,100.00,0.00,0.00,0.00,0.00,0.00,0
2015-06-30,100.00,0.00,0.00,0.00,0.00,0.00,0
2015-06-23,100.00,0.00,0.00,0.00,0.00,0.00,0
2015-06-16,100.00,0.00,0.00,0.00,0.00,0.00,0
2015-06-09,100.00,0.00,0.00,0.00,0.00,0.00,0
2015-06-02,100.00,0.00,0.00,0.00,0.00,0.00,0
2015-05-26,100.00,0.00,0.00,0.00,0.00,0.00,0
2015-05-19,100.00,0.00,0.00,0.00,0.00,0.00,0
2015-05-12,100.00,0.00,0.00,0.00,0.00,0.00,0
2015-05-05,100.00,0.00,0.00,0.00,0.00,0.00,0
2015-04-28,100.00,0.00,0.00,0.00,0.00,0.00,0
2015-04-21,100.00,0.00,0.00,0.00,0.00,0.00,0
2015-04-14,100.00,0.00,0.00,0.00,0.00,0.00,0
2015-04-07,100.00,0.00,0.00,0.00,0.00,0.00,0
2015-03-31,100.00,0.00,0.00,0.00,0.00,0.00,0
2015-03-24,100.00,0.00,0.00,0.00,0.00,0.00,0
2015-03-17,100.00,0.00,0.00,0.00,0.00,0.00,0
2015-03-10,100.00,0.00,0.00,0.00,0.00,0.00,0
2015-03-03,100.00,0.00,0.00,0.00,0.00,0.00,0
2015-02-24,100.00,0.00,0.00,0.00,0.00,0.00,0
2015-02-17,100.00,0.00,0.00,0.00,0.00,0.00,0
2015-02-10,100.00,0.00,0.00,0.00,0.00,0.00,0
2015-02-03,100.00,0.00,0.00,0.00,0.00,0.00,0
2015-01-27,100.00,0.00,0.00,0.00,0.00,0.00,0
2015-01-20,100.00,0.00,0.00,0.00,0.00,0.00,0
2015-01-13,100.00,0.00,0.00,0.00,0.00,0.00,0
2015-01-06,100.00,0.00,0.00,0.00,0.00,0.00,0
2014-12-30,100.00,0.00,0.00,0.00,0.00,0.00,0
2014-12-23,100.00,0.00,0.00,0.00,0.00,0.00,0
2014-12-16,100.00,0.00,0.00,0.00,0.00,0.00,0
2014-12-09,100.00,0.00,0.00,0.00,0.00,0.00,0
2014-12-02,100.00,0.00,0.00,0.00,0.00,0.00,0
2014-11-25,100.00,0.00,0.00,0.00,0.00,0.00,0
2014-11-18,100.00,0.00,0.00,0.00,0.00,0.00,0
2014-11-11,100.00,0.00,0.00,0.00,0.00,0.00,0
2014-11-04,100.00,0.00,0.00,0.00,0.00,0.00,0
2014-10-28,100.00,0.00,0.00,0.00,0.00,0.00,0
2014-10-21,100.00,0.00,0.00,0.00,0.00,0.00,0
2014-10-14,100.00,0.00,0.00,0.00,0.00,0.00,0
2014-10-07,100.00,0.00,0.00,0.00,0.00,0.00,0
2014-09-30,100.00,0.00,0.00,0.00,0.00,0.00,0
2014-09-23,100.00,0.00,0.00,0.00,0.00,0.00,0
2014-09-16,21.45,78.55,0.00,0.00,0.00,0.00,79
2014-09-09,0.00,100.00,0.00,0.00,0.00,0.00,100
2014-09-02,0.00,100.00,25.76,0.00,0.00,0.00,126
2014-08-26,0.00,100.00,26.50,0.00,0.00,0.00,127
2014-08-19,0.00,100.00,26.50,0.00,0.00,0.00,127
2014-08-12,0.00,100.00,69.05,0.00,0.00,0.00,169
2014-08-05,0.00,100.00,72.92,0.00,0.00,0.00,173
2014-07-29,0.00,100.00,72.92,0.00,0.00,0.00,173
2014-07-22,0.00,100.00,72.92,0.00,0.00,0.00,173
2014-07-15,0.00,100.00,72.92,0.00,0.00,0.00,173
2014-07-08,0.00,100.00,0.00,0.00,0.00,0.00,100
2014-07-01,0.00,100.00,0.00,0.00,0.00,0.00,100
2014-06-24,0.00,100.00,0.00,0.00,0.00,0.00,100
2014-06-17,0.00,100.00,0.00,0.00,0.00,0.00,100
2014-06-10,0.00,100.00,0.00,0.00,0.00,0.00,100
2014-06-03,0.00,100.00,0.00,0.00,0.00,0.00,100
2014-05-27,0.00,100.00,0.00,0.00,0.00,0.00,100
2014-05-20,0.00,100.00,0.00,0.00,0.00,0.00,100
2014-05-13,0.00,100.00,0.00,0.00,0.00,0.00,100
2014-05-06,0.00,100.00,0.00,0.00,0.00,0.00,100
2014-04-29,0.00,100.00,0.00,0.00,0.00,0.00,100
2014-04-22,0.00,100.00,0.00,0.00,0.00,0.00,100
2014-04-15,73.04,26.96,0.00,0.00,0.00,0.00,27
2014-04-08,72.14,27.86,0.00,0.00,0.00,0.00,28
2014-04-01,72.14,27.86,0.00,0.00,0.00,0.00,28
2014-03-25,72.14,27.86,0.00,0.00,0.00,0.00,28
2014-03-18,72.14,27.86,0.00,0.00,0.00,0.00,28
2014-03-11,72.14,27.86,0.00,0.00,0.00,0.00,28
2014-03-04,71.76,28.24,0.00,0.00,0.00,0.00,28
2014-02-25,71.76,28.24,0.00,0.00,0.00,0.00,28
2014-02-18,72.78,27.22,0.00,0.00,0.00,0.00,27
2014-02-11,72.78,27.22,0.00,0.00,0.00,0.00,27
2014-02-04,72.78,27.22,0.00,0.00,0.00,0.00,27
2014-01-28,74.10,25.90,0.00,0.00,0.00,0.00,26
2014-01-21,74.10,25.90,0.00,0.00,0.00,0.00,26
2014-01-14,74.10,25.90,0.00,0.00,0.00,0.00,26
2014-01-07,74.10,25.90,0.00,0.00,0.00,0.00,26
2013-12-31,74.10,25.90,0.00,0.00,0.00,0.00,26
2013-12-24,74.10,25.90,0.00,0.00,0.00,0.00,26
2013-12-17,4.19,95.81,0.02,0.00,0.00,0.00,96
2013-12-10,4.19,95.81,0.02,0.00,0.00,0.00,96
2013-12-03,4.19,95.81,5.33,0.00,0.00,0.00,101
2013-11-26,4.19,95.81,5.33,0.00,0.00,0.00,101
2013-11-19,4.19,95.81,5.33,0.00,0.00,0.00,101
2013-11-12,4.19,95.81,5.33,0.00,0.00,0.00,101
2013-11-05,3.96,96.04,5.62,0.00,0.00,0.00,102
2013-10-29,4.15,95.85,5.62,0.00,0.00,0.00,101
2013-10-22,4.15,95.85,5.62,0.00,0.00,0.00,101
2013-10-15,4.95,95.05,6.40,0.00,0.00,0.00,101
2013-10-08,6.40,93.60,6.48,0.00,0.00,0.00,100
2013-10-01,4.04,95.96,6.48,0.00,0.00,0.00,102
2013-09-24,4.04,95.96,6.48,0.00,0.00,0.00,102
2013-09-17,4.04,95.96,6.48,0.00,0.00,0.00,102
2013-09-10,1.02,98.98,6.81,0.00,0.00,0.00,106
2013-09-03,1.02,98.98,6.81,0.00,0.00,0.00,106
2013-08-27,1.02,98.98,6.81,0.00,0.00,0.00,106
2013-08-20,1.02,98.98,6.81,0.00,0.00,0.00,106
2013-08-13,1.02,98.98,16.47,0.00,0.00,0.00,115
2013-08-06,1.02,98.98,90.41,2.15,0.00,0.00,192
2013-07-30,0.71,99.29,25.61,2.15,0.00,0.00,127
2013-07-23,0.00,100.00,100.00,25.54,0.00,0.00,226
2013-07-16,0.00,100.00,100.00,25.54,0.00,0.00,226
2013-07-09,0.00,100.00,100.00,16.02,0.00,0.00,216
2013-07-02,0.00,100.00,100.00,16.02,0.00,0.00,216
2013-06-25,0.00,100.00,100.00,0.00,0.00,0.00,200
2013-06-18,0.00,100.00,100.00,0.00,0.00,0.00,200
2013-06-11,0.00,100.00,100.00,0.30,0.00,0.00,200
2013-06-04,0.00,100.00,100.00,0.22,0.00,0.00,200
2013-05-28,0.00,100.00,100.00,0.10,0.00,0.00,200
2013-05-21,0.00,100.00,100.00,0.10,0.00,0.00,200
2013-05-14,0.00,100.00,34.75,0.00,0.00,0.00,135
2013-05-07,0.00,100.00,34.75,0.00,0.00,0.00,135
2013-04-30,0.00,100.00,34.75,0.00,0.00,0.00,135
2013-04-23,0.00,100.00,34.32,0.00,0.00,0.00,134
2013-04-16,0.00,100.00,0.00,0.00,0.00,0.00,100
2013-04-09,0.00,100.00,0.00,0.00,0.00,0.00,100
2013-04-02,83.04,16.96,0.00,0.00,0.00,0.00,17
2013-03-26,83.04,16.96,0.00,0.00,0.00,0.00,17
2013-03-19,83.04,16.96,0.00,0.00,0.00,0.00,17
2013-03-12,69.59,30.41,0.00,0.00,0.00,0.00,30
2013-03-05,69.13,30.87,0.00,0.00,0.00,0.00,31
2013-02-26,69.34,30.66,0.00,0.00,0.00,0.00,31
2013-02-19,69.34,30.66,0.00,0.00,0.00,0.00,31
2013-02-12,69.34,30.66,0.00,0.00,0.00,0.00,31
2013-02-05,68.85,31.15,0.00,0.00,0.00,0.00,31
2013-01-29,68.85,31.15,0.00,0.00,0.00,0.00,31
2013-01-22,2.41,97.59,0.00,0.00,0.00,0.00,98
2013-01-15,2.41,97.59,0.00,0.00,0.00,0.00,98
2013-01-08,0.00,100.00,0.00,0.00,0.00,0.00,100
2013-01-01,0.00,100.00,0.00,0.00,0.00,0.00,100
2012-12-25,0.00,100.00,0.00,0.00,0.00,0.00,100
2012-12-18,0.00,100.00,0.00,0.00,0.00,0.00,100
2012-12-11,44.50,55.50,0.00,0.00,0.00,0.00,56
2012-12-04,42.51,57.49,0.00,0.00,0.00,0.00,57
2012-11-27,42.51,57.49,0.00,0.00,0.00,0.00,57
2012-11-20,42.51,57.49,0.00,0.00,0.00,0.00,57
2012-11-13,42.51,57.49,0.00,0.00,0.00,0.00,57
2012-11-06,42.51,57.49,0.00,0.00,0.00,0.00,57
2012-10-30,42.51,57.49,0.00,0.00,0.00,0.00,57
2012-10-23,43.01,56.99,0.00,0.00,0.00,0.00,57
2012-10-16,3.17,96.83,17.46,0.00,0.00,0.00,114
2012-10-09,0.92,99.08,16.58,0.00,0.00,0.00,116
2012-10-02,1.79,98.21,10.95,0.00,0.00,0.00,109
2012-09-25,0.11,99.89,40.62,0.00,0.00,0.00,141
2012-09-18,0.11,99.89,40.62,0.00,0.00,0.00,141
2012-09-11,0.00,100.00,44.39,0.00,0.00,0.00,144
2012-09-04,0.00,100.00,43.33,0.00,0.00,0.00,143
2012-08-28,0.00,100.00,40.75,0.00,0.00,0.00,141
2012-08-21,0.00,100.00,40.64,0.00,0.00,0.00,141
2012-08-14,0.00,100.00,40.64,0.01,0.00,0.00,141
2012-08-07,0.00,100.00,39.04,0.01,0.00,0.00,139
2012-07-31,0.00,100.00,39.04,0.00,0.00,0.00,139
2012-07-24,0.00,100.00,90.00,3.74,0.00,0.00,194
2012-07-17,0.00,100.00,90.00,3.74,0.00,0.00,194
2012-07-10,0.00,100.00,90.00,3.74,0.00,0.00,194
2012-07-03,0.00,100.00,90.54,3.74,0.00,0.00,194
2012-06-26,0.00,100.00,89.90,4.26,0.00,0.00,194
2012-06-19,0.00,100.00,89.90,4.26,0.00,0.00,194
2012-06-12,0.00,100.00,90.70,4.26,0.00,0.00,195
2012-06-05,0.00,100.00,90.70,4.26,0.00,0.00,195
2012-05-29,0.00,100.00,100.00,24.06,0.00,0.00,224
2012-05-22,0.00,100.00,100.00,100.00,9.17,0.00,309
2012-05-15,0.00,100.00,100.00,100.00,9.17,0.00,309
2012-05-08,0.00,100.00,100.00,100.00,100.00,0.00,400
2012-05-01,0.00,100.00,100.00,100.00,100.00,0.36,400
2012-04-24,0.00,100.00,100.00,100.00,100.00,0.36,400
2012-04-17,0.00,100.00,100.00,100.00,100.00,0.36,400
2012-04-10,0.00,100.00,100.00,100.00,100.00,0.36,400
2012-04-03,0.00,100.00,100.00,100.00,100.00,0.36,400
2012-03-27,0.00,100.00,100.00,100.00,100.00,0.18,400
2012-03-20,0.00,100.00,100.00,100.00,100.00,0.18,400
2012-03-13,0.00,100.00,100.00,100.00,100.00,0.18,400
2012-03-06,0.00,100.00,100.00,100.00,100.00,0.18,400
2012-02-28,0.00,100.00,100.00,100.00,100.00,0.18,400
2012-02-21,0.00,100.00,100.00,100.00,100.00,0.18,400
2012-02-14,0.00,100.00,100.00,100.00,100.00,0.18,400
2012-02-07,0.00,100.00,100.00,100.00,100.00,0.18,400
2012-01-31,0.00,100.00,100.00,100.00,100.00,0.18,400
2012-01-24,0.00,100.00,100.00,100.00,100.00,1.15,401
2012-01-17,0.00,100.00,100.00,100.00,100.00,1.15,401
2012-01-10,0.00,100.00,100.00,100.00,100.00,1.15,401
2012-01-03,0.00,100.00,100.00,100.00,100.00,69.60,470
2011-12-27,0.00,100.00,100.00,100.00,100.00,69.60,470
2011-12-20,0.00,100.00,100.00,100.00,100.00,69.60,470
2011-12-13,0.00,100.00,100.00,100.00,100.00,69.60,470
2011-12-06,0.00,100.00,100.00,100.00,100.00,69.60,470
2011-11-29,0.00,100.00,100.00,100.00,100.00,69.60,470
2011-11-22,0.00,100.00,100.00,100.00,100.00,69.60,470
2011-11-15,0.00,100.00,100.00,100.00,100.00,69.60,470
2011-11-08,0.00,100.00,100.00,100.00,100.00,100.00,500
2011-11-01,0.00,100.00,100.00,100.00,100.00,100.00,500
2011-10-25,0.00,100.00,100.00,100.00,100.00,100.00,500
2011-10-18,0.00,100.00,100.00,100.00,100.00,100.00,500
2011-10-11,0.00,100.00,100.00,100.00,100.00,100.00,500
2011-10-04,0.00,100.00,100.00,100.00,100.00,100.00,500
2011-09-27,0.00,100.00,100.00,100.00,100.00,100.00,500
2011-09-20,0.00,100.00,100.00,100.00,100.00,100.00,500
2011-09-13,0.00,100.00,100.00,100.00,100.00,100.00,500
2011-09-06,0.00,100.00,100.00,100.00,100.00,100.00,500
2011-08-30,0.00,100.00,100.00,100.00,100.00,100.00,500
2011-08-23,0.00,100.00,100.00,100.00,100.00,100.00,500
2011-08-16,0.00,100.00,100.00,100.00,100.00,100.00,500
2011-08-09,0.00,100.00,100.00,100.00,100.00,100.00,500
2011-08-02,0.00,100.00,100.00,100.00,100.00,100.00,500
2011-07-26,0.00,100.00,100.00,100.00,100.00,100.00,500
2011-07-19,0.00,100.00,100.00,100.00,100.00,100.00,500
2011-07-12,0.00,100.00,100.00,100.00,100.00,100.00,500
2011-07-05,0.00,100.00,100.00,100.00,100.00,100.00,500
2011-06-28,0.00,100.00,100.00,100.00,100.00,100.00,500
2011-06-21,0.00,100.00,100.00,100.00,100.00,100.00,500
2011-06-14,0.00,100.00,100.00,100.00,100.00,100.00,500
2011-06-07,0.00,100.00,100.00,100.00,100.00,100.00,500
2011-05-31,0.00,100.00,100.00,100.00,100.00,100.00,500
2011-05-24,0.00,100.00,100.00,100.00,100.00,100.00,500
2011-05-17,0.00,100.00,100.00,100.00,100.00,100.00,500
2011-05-10,0.00,100.00,100.00,100.00,100.00,100.00,500
2011-05-03,0.00,100.00,100.00,100.00,100.00,100.00,500
2011-04-26,0.00,100.00,100.00,100.00,100.00,0.00,400
2011-04-19,0.00,100.00,100.00,100.00,100.00,0.00,400
2011-04-12,0.00,100.00,100.00,100.00,100.00,0.00,400
2011-04-05,0.00,100.00,100.00,100.00,100.00,0.00,400
2011-03-29,0.00,100.00,100.00,100.00,0.00,0.00,300
2011-03-22,0.00,100.00,100.00,100.00,0.00,0.00,300
2011-03-15,0.00,100.00,100.00,100.00,0.00,0.00,300
2011-03-08,0.00,100.00,100.00,100.00,0.00,0.00,300
2011-03-01,0.00,100.00,100.00,100.00,0.00,0.00,300
2011-02-22,0.00,100.00,100.00,100.00,0.00,0.00,300
2011-02-15,0.00,100.00,100.00,100.00,0.00,0.00,300
2011-02-08,0.00,100.00,100.00,100.00,0.00,0.00,300
2011-02-01,0.00,100.00,100.00,100.00,0.00,0.00,300
2011-01-25,0.00,100.00,100.00,0.05,0.00,0.00,200
2011-01-18,0.00,100.00,100.00,0.05,0.00,0.00,200
2011-01-11,0.00,100.00,100.00,0.00,0.00,0.00,200
2011-01-04,0.00,100.00,100.00,0.00,0.00,0.00,200
2010-12-28,0.00,100.00,100.00,0.00,0.00,0.00,200
2010-12-21,0.00,100.00,100.00,0.00,0.00,0.00,200
2010-12-14,0.00,100.00,31.97,0.00,0.00,0.00,132
2010-12-07,0.00,100.00,31.97,0.00,0.00,0.00,132
2010-11-30,19.77,80.23,31.97,0.00,0.00,0.00,112
2010-11-23,19.77,80.23,0.00,0.00,0.00,0.00,80
2010-11-16,19.77,80.23,0.00,0.00,0.00,0.00,80
2010-11-09,99.85,0.15,0.00,0.00,0.00,0.00,0
2010-11-02,99.85,0.15,0.00,0.00,0.00,0.00,0
2010-10-26,99.85,0.15,0.00,0.00,0.00,0.00,0
2010-10-19,100.00,0.00,0.00,0.00,0.00,0.00,0
2010-10-12,100.00,0.00,0.00,0.00,0.00,0.00,0
2010-10-05,100.00,0.00,0.00,0.00,0.00,0.00,0
2010-09-28,100.00,0.00,0.00,0.00,0.00,0.00,0
2010-09-21,100.00,0.00,0.00,0.00,0.00,0.00,0
2010-09-14,100.00,0.00,0.00,0.00,0.00,0.00,0
2010-09-07,100.00,0.00,0.00,0.00,0.00,0.00,0
2010-08-31,100.00,0.00,0.00,0.00,0.00,0.00,0
2010-08-24,100.00,0.00,0.00,0.00,0.00,0.00,0
2010-08-17,100.00,0.00,0.00,0.00,0.00,0.00,0
2010-08-10,100.00,0.00,0.00,0.00,0.00,0.00,0
2010-08-03,100.00,0.00,0.00,0.00,0.00,0.00,0
2010-07-27,100.00,0.00,0.00,0.00,0.00,0.00,0
2010-07-20,100.00,0.00,0.00,0.00,0.00,0.00,0
2010-07-13,100.00,0.00,0.00,0.00,0.00,0.00,0
2010-07-06,100.00,0.00,0.00,0.00,0.00,0.00,0
2010-06-29,100.00,0.00,0.00,0.00,0.00,0.00,0
2010-06-22,1.61,98.39,0.00,0.00,0.00,0.00,98
2010-06-15,100.00,0.00,0.00,0.00,0.00,0.00,0
2010-06-08,100.00,0.00,0.00,0.00,0.00,0.00,0
2010-06-01,100.00,0.00,0.00,0.00,0.00,0.00,0
2010-05-25,100.00,0.00,0.00,0.00,0.00,0.00,0
2010-05-18,100.00,0.00,0.00,0.00,0.00,0.00,0
2010-05-11,100.00,0.00,0.00,0.00,0.00,0.00,0
2010-05-04,100.00,0.00,0.00,0.00,0.00,0.00,0
2010-04-27,100.00,0.00,0.00,0.00,0.00,0.00,0
2010-04-20,100.00,0.00,0.00,0.00,0.00,0.00,0
2010-04-13,100.00,0.00,0.00,0.00,0.00,0.00,0
2010-04-06,100.00,0.00,0.00,0.00,0.00,0.00,0
2010-03-30,100.00,0.00,0.00,0.00,0.00,0.00,0
2010-03-23,100.00,0.00,0.00,0.00,0.00,0.00,0
2010-03-16,100.00,0.00,0.00,0.00,0.00,0.00,0
2010-03-09,100.00,0.00,0.00,0.00,0.00,0.00,0
2010-03-02,100.00,0.00,0.00,0.00,0.00,0.00,0
2010-02-23,100.00,0.00,0.00,0.00,0.00,0.00,0
2010-02-16,100.00,0.00,0.00,0.00,0.00,0.00,0
2010-02-09,100.00,0.00,0.00,0.00,0.00,0.00,0
2010-02-02,46.28,53.72,0.00,0.00,0.00,0.00,54
2010-01-26,0.00,100.00,0.00,0.00,0.00,0.00,100
2010-01-19,0.00,100.00,0.00,0.00,0.00,0.00,100
2010-01-12,0.00,100.00,0.00,0.00,0.00,0.00,100
2010-01-05,0.00,100.00,0.00,0.00,0.00,0.00,100
2009-12-29,0.00,100.00,0.00,0.00,0.00,0.00,100
2009-12-22,0.00,100.00,0.00,0.00,0.00,0.00,100
2009-12-15,0.00,100.00,0.00,0.00,0.00,0.00,100
2009-12-08,0.00,100.00,0.00,0.00,0.00,0.00,100
2009-12-01,0.00,100.00,0.00,0.00,0.00,0.00,100
2009-11-24,0.00,100.00,0.00,0.00,0.00,0.00,100
2009-11-17,100.00,0.00,0.00,0.00,0.00,0.00,0
2009-11-10,100.00,0.00,0.00,0.00,0.00,0.00,0
2009-11-03,100.00,0.00,0.00,0.00,0.00,0.00,0
2009-10-27,100.00,0.00,0.00,0.00,0.00,0.00,0
2009-10-20,100.00,0.00,0.00,0.00,0.00,0.00,0
2009-10-13,100.00,0.00,0.00,0.00,0.00,0.00,0
2009-10-06,100.00,0.00,0.00,0.00,0.00,0.00,0
2009-09-29,100.00,0.00,0.00,0.00,0.00,0.00,0
2009-09-22,100.00,0.00,0.00,0.00,0.00,0.00,0
2009-09-15,100.00,0.00,0.00,0.00,0.00,0.00,0
2009-09-08,100.00,0.00,0.00,0.00,0.00,0.00,0
2009-09-01,100.00,0.00,0.00,0.00,0.00,0.00,0
2009-08-25,100.00,0.00,0.00,0.00,0.00,0.00,0
2009-08-18,100.00,0.00,0.00,0.00,0.00,0.00,0
2009-08-11,100.00,0.00,0.00,0.00,0.00,0.00,0
2009-08-04,100.00,0.00,0.00,0.00,0.00,0.00,0
2009-07-28,100.00,0.00,0.00,0.00,0.00,0.00,0
2009-07-21,77.64,22.36,0.00,0.00,0.00,0.00,22
2009-07-14,77.64,22.36,0.00,0.00,0.00,0.00,22
2009-07-07,77.64,22.36,0.00,0.00,0.00,0.00,22
2009-06-30,0.00,100.00,0.69,0.00,0.00,0.00,101
2009-06-23,0.00,100.00,0.00,0.00,0.00,0.00,100
2009-06-16,0.00,100.00,0.00,0.00,0.00,0.00,100
2009-06-09,0.00,100.00,0.00,0.00,0.00,0.00,100
2009-06-02,0.00,100.00,0.00,0.00,0.00,0.00,100
2009-05-26,0.00,100.00,0.00,0.00,0.00,0.00,100
2009-05-19,0.00,100.00,100.00,100.00,0.00,0.00,300
2009-05-12,0.00,100.00,100.00,81.66,0.00,0.00,282
2009-05-05,0.00,100.00,100.00,70.51,0.00,0.00,271
2009-04-28,0.00,100.00,100.00,70.51,0.00,0.00,271
2009-04-21,0.00,100.00,100.00,56.77,0.00,0.00,257
2009-04-14,0.00,100.00,100.00,37.07,0.00,0.00,237
2009-04-07,0.00,100.00,100.00,37.92,0.00,0.00,238
2009-03-31,0.00,100.00,100.00,0.00,0.00,0.00,200
2009-03-24,0.00,100.00,100.00,0.00,0.00,0.00,200
2009-03-17,0.00,100.00,1.87,0.00,0.00,0.00,102
2009-03-10,0.00,100.00,1.87,0.00,0.00,0.00,102
2009-03-03,0.00,100.00,1.87,0.00,0.00,0.00,102
2009-02-24,0.00,100.00,1.87,0.00,0.00,0.00,102
2009-02-17,0.00,100.00,1.87,0.00,0.00,0.00,102
2009-02-10,0.00,100.00,0.00,0.00,0.00,0.00,100
2009-02-03,0.00,100.00,0.00,0.00,0.00,0.00,100
2009-01-27,0.00,100.00,0.00,0.00,0.00,0.00,100
2009-01-20,100.00,0.00,0.00,0.00,0.00,0.00,0
2009-01-13,100.00,0.00,0.00,0.00,0.00,0.00,0
2009-01-06,78.36,21.64,0.00,0.00,0.00,0.00,22
2008-12-30,100.00,0.00,0.00,0.00,0.00,0.00,0
2008-12-23,100.00,0.00,0.00,0.00,0.00,0.00,0
2008-12-16,100.00,0.00,0.00,0.00,0.00,0.00,0
2008-12-09,100.00,0.00,0.00,0.00,0.00,0.00,0
2008-12-02,100.00,0.00,0.00,0.00,0.00,0.00,0
2008-11-25,100.00,0.00,0.00,0.00,0.00,0.00,0
2008-11-18,100.00,0.00,0.00,0.00,0.00,0.00,0
2008-11-11,100.00,0.00,0.00,0.00,0.00,0.00,0
2008-11-04,100.00,0.00,0.00,0.00,0.00,0.00,0
2008-10-28,100.00,0.00,0.00,0.00,0.00,0.00,0
2008-10-21,100.00,0.00,0.00,0.00,0.00,0.00,0
2008-10-14,100.00,0.00,0.00,0.00,0.00,0.00,0
2008-10-07,100.00,0.00,0.00,0.00,0.00,0.00,0
2008-09-30,100.00,0.00,0.00,0.00,0.00,0.00,0
2008-09-23,100.00,0.00,0.00,0.00,0.00,0.00,0
2008-09-16,100.00,0.00,0.00,0.00,0.00,0.00,0
2008-09-09,100.00,0.00,0.00,0.00,0.00,0.00,0
2008-09-02,0.00,100.00,3.05,0.00,0.00,0.00,103
2008-08-26,0.00,100.00,3.05,0.00,0.00,0.00,103
2008-08-19,0.00,100.00,3.05,0.00,0.00,0.00,103
2008-08-12,0.00,100.00,10.47,0.00,0.00,0.00,110
2008-08-05,0.00,100.00,10.47,0.00,0.00,0.00,110
2008-07-29,0.00,100.00,90.30,0.00,0.00,0.00,190
2008-07-22,0.00,100.00,100.00,0.00,0.00,0.00,200
2008-07-15,0.00,100.00,100.00,0.00,0.00,0.00,200
2008-07-08,0.00,100.00,100.00,100.00,0.00,0.00,300
2008-07-01,0.00,100.00,100.00,100.00,0.00,0.00,300
2008-06-24,0.00,100.00,100.00,100.00,0.00,0.00,300
2008-06-17,0.00,100.00,100.00,100.00,0.00,0.00,300
2008-06-10,0.00,100.00,100.00,0.00,0.00,0.00,200
2008-06-03,0.00,100.00,55.35,0.00,0.00,0.00,155
2008-05-27,0.00,100.00,55.35,0.00,0.00,0.00,155
2008-05-20,0.00,100.00,100.00,0.00,0.00,0.00,200
2008-05-13,0.00,100.00,100.00,0.00,0.00,0.00,200
2008-05-06,0.00,100.00,100.00,0.00,0.00,0.00,200
2008-04-29,0.00,100.00,100.00,100.00,0.00,0.00,300
2008-04-22,0.00,100.00,100.00,100.00,0.00,0.00,300
2008-04-15,0.00,100.00,100.00,100.00,0.00,0.00,300
2008-04-08,0.00,100.00,100.00,0.00,0.00,0.00,200
2008-04-01,0.00,100.00,100.00,0.00,0.00,0.00,200
2008-03-25,0.00,100.00,100.00,0.00,0.00,0.00,200
2008-03-18,0.00,100.00,100.00,0.00,0.00,0.00,200
2008-03-11,0.00,100.00,0.00,0.00,0.00,0.00,100
2008-03-04,0.00,100.00,0.00,0.00,0.00,0.00,100
2008-02-26,0.00,100.00,0.00,0.00,0.00,0.00,100
2008-02-19,0.00,100.00,0.00,0.00,0.00,0.00,100
2008-02-12,0.00,100.00,0.00,0.00,0.00,0.00,100
2008-02-05,0.00,100.00,0.00,0.00,0.00,0.00,100
2008-01-29,0.00,100.00,0.00,0.00,0.00,0.00,100
2008-01-22,62.07,37.93,0.00,0.00,0.00,0.00,38
2008-01-15,62.07,37.93,0.00,0.00,0.00,0.00,38
2008-01-08,62.07,37.93,0.00,0.00,0.00,0.00,38
2008-01-01,100.00,0.00,0.00,0.00,0.00,0.00,0
2007-12-25,100.00,0.00,0.00,0.00,0.00,0.00,0
2007-12-18,100.00,0.00,0.00,0.00,0.00,0.00,0
2007-12-11,17.39,82.61,0.00,0.00,0.00,0.00,83
2007-12-04,17.39,82.61,0.00,0.00,0.00,0.00,83
2007-11-27,100.00,0.00,0.00,0.00,0.00,0.00,0
2007-11-20,100.00,0.00,0.00,0.00,0.00,0.00,0
2007-11-13,100.00,0.00,0.00,0.00,0.00,0.00,0
2007-11-06,100.00,0.00,0.00,0.00,0.00,0.00,0
2007-10-30,100.00,0.00,0.00,0.00,0.00,0.00,0
2007-10-23,100.00,0.00,0.00,0.00,0.00,0.00,0
2007-10-16,100.00,0.00,0.00,0.00,0.00,0.00,0
2007-10-09,100.00,0.00,0.00,0.00,0.00,0.00,0
2007-10-02,100.00,0.00,0.00,0.00,0.00,0.00,0
2007-09-25,100.00,0.00,0.00,0.00,0.00,0.00,0
2007-09-18,100.00,0.00,0.00,0.00,0.00,0.00,0
2007-09-11,100.00,0.00,0.00,0.00,0.00,0.00,0
2007-09-04,100.00,0.00,0.00,0.00,0.00,0.00,0
2007-08-28,100.00,0.00,0.00,0.00,0.00,0.00,0
2007-08-21,100.00,0.00,0.00,0.00,0.00,0.00,0
2007-08-14,100.00,0.00,0.00,0.00,0.00,0.00,0
2007-08-07,100.00,0.00,0.00,0.00,0.00,0.00,0
2007-07-31,100.00,0.00,0.00,0.00,0.00,0.00,0
2007-07-24,100.00,0.00,0.00,0.00,0.00,0.00,0
2007-07-17,100.00,0.00,0.00,0.00,0.00,0.00,0
2007-07-10,100.00,0.00,0.00,0.00,0.00,0.00,0
2007-07-03,100.00,0.00,0.00,0.00,0.00,0.00,0
2007-06-26,100.00,0.00,0.00,0.00,0.00,0.00,0
2007-06-19,100.00,0.00,0.00,0.00,0.00,0.00,0
2007-06-12,100.00,0.00,0.00,0.00,0.00,0.00,0
2007-06-05,100.00,0.00,0.00,0.00,0.00,0.00,0
2007-05-29,100.00,0.00,0.00,0.00,0.00,0.00,0
2007-05-22,100.00,0.00,0.00,0.00,0.00,0.00,0
2007-05-15,100.00,0.00,0.00,0.00,0.00,0.00,0
2007-05-08,100.00,0.00,0.00,0.00,0.00,0.00,0
2007-05-01,100.00,0.00,0.00,0.00,0.00,0.00,0
2007-04-24,100.00,0.00,0.00,0.00,0.00,0.00,0
2007-04-17,100.00,0.00,0.00,0.00,0.00,0.00,0
2007-04-10,100.00,0.00,0.00,0.00,0.00,0.00,0
2007-04-03,100.00,0.00,0.00,0.00,0.00,0.00,0
2007-03-27,100.00,0.00,0.00,0.00,0.00,0.00,0
2007-03-20,100.00,0.00,0.00,0.00,0.00,0.00,0
2007-03-13,100.00,0.00,0.00,0.00,0.00,0.00,0
2007-03-06,100.00,0.00,0.00,0.00,0.00,0.00,0
2007-02-27,100.00,0.00,0.00,0.00,0.00,0.00,0
2007-02-20,100.00,0.00,0.00,0.00,0.00,0.00,0
2007-02-13,100.00,0.00,0.00,0.00,0.00,0.00,0
2007-02-06,100.00,0.00,0.00,0.00,0.00,0.00,0
2007-01-30,100.00,0.00,0.00,0.00,0.00,0.00,0
2007-01-23,100.00,0.00,0.00,0.00,0.00,0.00,0
2007-01-16,0.00,100.00,0.00,0.00,0.00,0.00,100
2007-01-09,0.00,100.00,0.00,0.00,0.00,0.00,100
2007-01-02,0.00,100.00,0.00,0.00,0.00,0.00,100
2006-12-26,0.00,100.00,0.00,0.00,0.00,0.00,100
2006-12-19,0.00,100.00,0.00,0.00,0.00,0.00,100
2006-12-12,100.00,0.00,0.00,0.00,0.00,0.00,0
2006-12-05,100.00,0.00,0.00,0.00,0.00,0.00,0
2006-11-28,100.00,0.00,0.00,0.00,0.00,0.00,0
2006-11-21,100.00,0.00,0.00,0.00,0.00,0.00,0
2006-11-14,100.00,0.00,0.00,0.00,0.00,0.00,0
2006-11-07,100.00,0.00,0.00,0.00,0.00,0.00,0
2006-10-31,100.00,0.00,0.00,0.00,0.00,0.00,0
2006-10-24,100.00,0.00,0.00,0.00,0.00,0.00,0
2006-10-17,100.00,0.00,0.00,0.00,0.00,0.00,0
2006-10-10,100.00,0.00,0.00,0.00,0.00,0.00,0
2006-10-03,100.00,0.00,0.00,0.00,0.00,0.00,0
2006-09-26,100.00,0.00,0.00,0.00,0.00,0.00,0
2006-09-19,100.00,0.00,0.00,0.00,0.00,0.00,0
2006-09-12,100.00,0.00,0.00,0.00,0.00,0.00,0
2006-09-05,100.00,0.00,0.00,0.00,0.00,0.00,0
2006-08-29,0.00,100.00,56.37,1.77,0.00,0.00,158
2006-08-22,0.00,100.00,56.27,1.77,0.00,0.00,158
2006-08-15,0.00,100.00,100.00,79.08,0.00,0.00,279
2006-08-08,0.00,100.00,100.00,67.06,0.00,0.00,267
2006-08-01,0.00,100.00,100.00,67.06,0.00,0.00,267
2006-07-25,0.00,100.00,100.00,67.06,0.00,0.00,267
2006-07-18,0.00,100.00,100.00,0.22,0.00,0.00,200
2006-07-11,0.00,100.00,100.00,0.22,0.00,0.00,200
2006-07-04,0.00,100.00,100.00,0.22,0.00,0.00,200
2006-06-27,0.00,100.00,100.00,0.22,0.00,0.00,200
2006-06-20,0.00,100.00,100.00,0.22,0.00,0.00,200
2006-06-13,0.00,100.00,100.00,0.22,0.00,0.00,200
2006-06-06,0.00,100.00,0.01,0.00,0.00,0.00,100
2006-05-30,0.00,100.00,0.00,0.00,0.00,0.00,100
2006-05-23,100.00,0.00,0.00,0.00,0.00,0.00,0
2006-05-16,100.00,0.00,0.00,0.00,0.00,0.00,0
2006-05-09,100.00,0.00,0.00,0.00,0.00,0.00,0
2006-05-02,100.00,0.00,0.00,0.00,0.00,0.00,0
2006-04-25,100.00,0.00,0.00,0.00,0.00,0.00,0
2006-04-18,100.00,0.00,0.00,0.00,0.00,0.00,0
2006-04-11,100.00,0.00,0.00,0.00,0.00,0.00,0
2006-04-04,100.00,0.00,0.00,0.00,0.00,0.00,0
2006-03-28,70.34,29.66,0.00,0.00,0.00,0.00,30
2006-03-21,0.00,100.00,0.00,0.00,0.00,0.00,100
2006-03-14,0.00,100.00,100.00,0.00,0.00,0.00,200
2006-03-07,0.00,100.00,100.00,0.00,0.00,0.00,200
2006-02-28,0.00,100.00,100.00,0.00,0.00,0.00,200
2006-02-21,0.00,100.00,100.00,0.00,0.00,0.00,200
2006-02-14,0.00,100.00,100.00,0.00,0.00,0.00,200
2006-02-07,0.00,100.00,100.00,0.00,0.00,0.00,200
2006-01-31,0.00,100.00,26.57,0.00,0.00,0.00,127
2006-01-24,0.00,100.00,0.00,0.00,0.00,0.00,100
2006-01-17,0.00,100.00,0.00,0.00,0.00,0.00,100
2006-01-10,100.00,0.00,0.00,0.00,0.00,0.00,0
2006-01-03,100.00,0.00,0.00,0.00,0.00,0.00,0
2005-12-27,100.00,0.00,0.00,0.00,0.00,0.00,0
2005-12-20,100.00,0.00,0.00,0.00,0.00,0.00,0
2005-12-13,100.00,0.00,0.00,0.00,0.00,0.00,0
2005-12-06,100.00,0.00,0.00,0.00,0.00,0.00,0
2005-11-29,100.00,0.00,0.00,0.00,0.00,0.00,0
2005-11-22,100.00,0.00,0.00,0.00,0.00,0.00,0
2005-11-15,100.00,0.00,0.00,0.00,0.00,0.00,0
2005-11-08,100.00,0.00,0.00,0.00,0.00,0.00,0
2005-11-01,100.00,0.00,0.00,0.00,0.00,0.00,0
2005-10-25,100.00,0.00,0.00,0.00,0.00,0.00,0
2005-10-18,100.00,0.00,0.00,0.00,0.00,0.00,0
2005-10-11,100.00,0.00,0.00,0.00,0.00,0.00,0
2005-10-04,100.00,0.00,0.00,0.00,0.00,0.00,0
2005-09-27,100.00,0.00,0.00,0.00,0.00,0.00,0
2005-09-20,100.00,0.00,0.00,0.00,0.00,0.00,0
2005-09-13,100.00,0.00,0.00,0.00,0.00,0.00,0
2005-09-06,100.00,0.00,0.00,0.00,0.00,0.00,0
2005-08-30,100.00,0.00,0.00,0.00,0.00,0.00,0
2005-08-23,100.00,0.00,0.00,0.00,0.00,0.00,0
2005-08-16,100.00,0.00,0.00,0.00,0.00,0.00,0
2005-08-09,100.00,0.00,0.00,0.00,0.00,0.00,0
2005-08-02,100.00,0.00,0.00,0.00,0.00,0.00,0
2005-07-26,100.00,0.00,0.00,0.00,0.00,0.00,0
2005-07-19,100.00,0.00,0.00,0.00,0.00,0.00,0
2005-07-12,100.00,0.00,0.00,0.00,0.00,0.00,0
2005-07-05,100.00,0.00,0.00,0.00,0.00,0.00,0
2005-06-28,100.00,0.00,0.00,0.00,0.00,0.00,0
2005-06-21,100.00,0.00,0.00,0.00,0.00,0.00,0
2005-06-14,100.00,0.00,0.00,0.00,0.00,0.00,0
2005-06-07,100.00,0.00,0.00,0.00,0.00,0.00,0
2005-05-31,100.00,0.00,0.00,0.00,0.00,0.00,0
2005-05-24,100.00,0.00,0.00,0.00,0.00,0.00,0
2005-05-17,100.00,0.00,0.00,0.00,0.00,0.00,0
2005-05-10,100.00,0.00,0.00,0.00,0.00,0.00,0
2005-05-03,100.00,0.00,0.00,0.00,0.00,0.00,0
2005-04-26,100.00,0.00,0.00,0.00,0.00,0.00,0
2005-04-19,100.00,0.00,0.00,0.00,0.00,0.00,0
2005-04-12,100.00,0.00,0.00,0.00,0.00,0.00,0
2005-04-05,100.00,0.00,0.00,0.00,0.00,0.00,0
2005-03-29,100.00,0.00,0.00,0.00,0.00,0.00,0
2005-03-22,100.00,0.00,0.00,0.00,0.00,0.00,0
2005-03-15,100.00,0.00,0.00,0.00,0.00,0.00,0
2005-03-08,100.00,0.00,0.00,0.00,0.00,0.00,0
2005-03-01,100.00,0.00,0.00,0.00,0.00,0.00,0
2005-02-22,100.00,0.00,0.00,0.00,0.00,0.00,0
2005-02-15,100.00,0.00,0.00,0.00,0.00,0.00,0
2005-02-08,100.00,0.00,0.00,0.00,0.00,0.00,0
2005-02-01,100.00,0.00,0.00,0.00,0.00,0.00,0
2005-01-25,100.00,0.00,0.00,0.00,0.00,0.00,0
2005-01-18,100.00,0.00,0.00,0.00,0.00,0.00,0
2005-01-11,100.00,0.00,0.00,0.00,0.00,0.00,0
2005-01-04,100.00,0.00,0.00,0.00,0.00,0.00,0
2004-12-28,100.00,0.00,0.00,0.00,0.00,0.00,0
2004-12-21,100.00,0.00,0.00,0.00,0.00,0.00,0
2004-12-14,100.00,0.00,0.00,0.00,0.00,0.00,0
2004-12-07,100.00,0.00,0.00,0.00,0.00,0.00,0
2004-11-30,100.00,0.00,0.00,0.00,0.00,0.00,0
2004-11-23,100.00,0.00,0.00,0.00,0.00,0.00,0
2004-11-16,100.00,0.00,0.00,0.00,0.00,0.00,0
2004-11-09,100.00,0.00,0.00,0.00,0.00,0.00,0
2004-11-02,100.00,0.00,0.00,0.00,0.00,0.00,0
2004-10-26,100.00,0.00,0.00,0.00,0.00,0.00,0
2004-10-19,100.00,0.00,0.00,0.00,0.00,0.00,0
2004-10-12,100.00,0.00,0.00,0.00,0.00,0.00,0
2004-10-05,100.00,0.00,0.00,0.00,0.00,0.00,0
2004-09-28,100.00,0.00,0.00,0.00,0.00,0.00,0
2004-09-21,100.00,0.00,0.00,0.00,0.00,0.00,0
2004-09-14,100.00,0.00,0.00,0.00,0.00,0.00,0
2004-09-07,100.00,0.00,0.00,0.00,0.00,0.00,0
2004-08-31,100.00,0.00,0.00,0.00,0.00,0.00,0
2004-08-24,100.00,0.00,0.00,0.00,0.00,0.00,0
2004-08-17,99.05,0.95,0.00,0.00,0.00,0.00,1
2004-08-10,0.00,100.00,0.00,0.00,0.00,0.00,100
2004-08-03,90.22,9.78,0.00,0.00,0.00,0.00,10
2004-07-27,91.85,8.15,0.00,0.00,0.00,0.00,8
2004-07-20,0.00,100.00,0.00,0.00,0.00,0.00,100
2004-07-13,0.00,100.00,0.00,0.00,0.00,0.00,100
2004-07-06,0.00,100.00,100.00,0.00,0.00,0.00,200
2004-06-29,0.00,100.00,100.00,0.00,0.00,0.00,200
2004-06-22,0.00,100.00,100.00,0.00,0.00,0.00,200
2004-06-15,0.00,100.00,100.00,0.00,0.00,0.00,200
2004-06-08,0.00,100.00,100.00,0.00,0.00,0.00,200
2004-06-01,0.00,100.00,0.00,0.00,0.00,0.00,100
2004-05-25,0.00,100.00,0.00,0.00,0.00,0.00,100
2004-05-18,0.00,100.00,0.00,0.00,0.00,0.00,100
2004-05-11,0.00,100.00,0.00,0.00,0.00,0.00,100
2004-05-04,0.00,100.00,0.00,0.00,0.00,0.00,100
2004-04-27,0.00,100.00,0.00,0.00,0.00,0.00,100
2004-04-20,0.00,100.00,0.00,0.00,0.00,0.00,100
2004-04-13,0.00,100.00,0.00,0.00,0.00,0.00,100
2004-04-06,0.00,100.00,0.00,0.00,0.00,0.00,100
2004-03-30,0.00,100.00,100.00,52.73,0.00,0.00,253
2004-03-23,0.00,100.00,100.00,52.73,0.00,0.00,253
2004-03-16,0.00,100.00,100.00,52.73,0.00,0.00,253
2004-03-09,0.00,100.00,100.00,100.00,0.00,0.00,300
2004-03-02,0.00,100.00,100.00,100.00,0.00,0.00,300
2004-02-24,0.00,100.00,100.00,100.00,68.70,0.00,369
2004-02-17,0.00,100.00,100.00,100.00,68.70,0.00,369
2004-02-10,0.00,100.00,100.00,100.00,58.50,0.00,359
2004-02-03,0.00,100.00,100.00,100.00,58.50,0.00,359
2004-01-27,0.00,100.00,100.00,100.00,58.50,0.00,359
2004-01-20,0.00,100.00,100.00,100.00,58.50,0.00,359
2004-01-13,0.00,100.00,100.00,100.00,99.85,0.00,400
2004-01-06,0.00,100.00,100.00,100.00,98.52,0.00,399
2003-12-30,0.00,100.00,100.00,100.00,77.25,0.00,377
2003-12-23,0.00,100.00,100.00,100.00,79.55,0.00,380
2003-12-16,0.00,100.00,100.00,100.00,51.56,0.00,352
2003-12-09,0.00,100.00,100.00,100.00,59.91,0.00,360
2003-12-02,0.00,100.00,100.00,100.00,24.89,0.00,325
2003-11-25,0.00,100.00,100.00,100.00,39.40,0.00,339
2003-11-18,0.00,100.00,100.00,100.00,43.66,0.00,344
2003-11-11,0.00,100.00,100.00,100.00,57.25,0.00,357
2003-11-04,0.00,100.00,100.00,100.00,45.25,0.00,345
2003-10-28,0.00,100.00,100.00,100.00,55.49,0.00,355
2003-10-21,0.00,100.00,100.00,100.00,33.54,0.00,334
2003-10-14,0.00,100.00,100.00,99.99,49.06,0.00,349
2003-10-07,0.00,100.00,100.00,100.00,70.43,0.00,370
2003-09-30,0.00,100.00,100.00,100.00,68.68,0.00,369
2003-09-23,0.00,100.00,100.00,100.00,70.76,0.00,371
2003-09-16,0.00,100.00,100.00,100.00,68.38,0.00,368
2003-09-09,0.00,100.00,100.00,100.00,0.00,0.00,300
2003-09-02,0.00,100.00,100.00,100.00,0.00,0.00,300
2003-08-26,0.00,100.00,100.00,100.00,0.00,0.00,300
2003-08-19,0.00,100.00,100.00,100.00,0.00,0.00,300
2003-08-12,0.00,100.00,100.00,100.00,0.00,0.00,300
2003-08-05,0.00,100.00,100.00,100.00,0.00,0.00,300
2003-07-29,0.00,100.00,100.00,100.00,0.00,0.00,300
2003-07-22,0.00,100.00,100.00,100.00,0.00,0.00,300
2003-07-15,0.00,100.00,100.00,100.00,0.00,0.00,300
2003-07-08,0.00,100.00,100.00,98.26,0.00,0.00,298
2003-07-01,0.00,100.00,100.00,99.62,0.00,0.00,300
2003-06-24,0.00,100.00,100.00,95.79,0.00,0.00,296
2003-06-17,0.00,100.00,100.00,91.79,0.00,0.00,292
2003-06-10,0.00,100.00,100.00,89.99,0.00,0.00,290
2003-06-03,0.00,100.00,100.00,100.00,0.00,0.00,300
2003-05-27,0.00,100.00,100.00,100.00,0.00,0.00,300
2003-05-20,0.00,100.00,100.00,100.00,0.00,0.00,300
2003-05-13,0.00,100.00,100.00,0.00,0.00,0.00,200
2003-05-06,0.00,100.00,100.00,0.00,0.00,0.00,200
2003-04-29,0.00,100.00,0.00,0.00,0.00,0.00,100
2003-04-22,0.02,99.98,0.00,0.00,0.00,0.00,100
2003-04-15,0.03,99.97,0.00,0.00,0.00,0.00,100
2003-04-08,10.99,89.01,0.00,0.00,0.00,0.00,89
2003-04-01,14.66,85.34,0.00,0.00,0.00,0.00,85
2003-03-25,23.92,76.08,0.00,0.00,0.00,0.00,76
2003-03-18,34.55,65.45,0.00,0.00,0.00,0.00,65
2003-03-11,0.00,100.00,0.00,0.00,0.00,0.00,100
2003-03-04,34.64,65.36,0.00,0.00,0.00,0.00,65
2003-02-25,35.54,64.46,0.00,0.00,0.00,0.00,64
2003-02-18,0.00,100.00,0.00,0.00,0.00,0.00,100
2003-02-11,0.00,100.00,0.00,0.00,0.00,0.00,100
2003-02-04,0.00,100.00,0.00,0.00,0.00,0.00,100
2003-01-28,0.00,100.00,0.00,0.00,0.00,0.00,100
2003-01-21,0.00,100.00,0.00,0.00,0.00,0.00,100
2003-01-14,0.00,100.00,0.00,0.00,0.00,0.00,100
2003-01-07,0.00,100.00,0.00,0.00,0.00,0.00,100
2002-12-31,0.00,100.00,0.00,0.00,0.00,0.00,100
2002-12-24,0.00,100.00,0.00,0.00,0.00,0.00,100
2002-12-17,0.00,100.00,0.00,0.00,0.00,0.00,100
2002-12-10,0.00,100.00,0.00,0.00,0.00,0.00,100
2002-12-03,0.00,100.00,0.00,0.00,0.00,0.00,100
2002-11-26,0.00,100.00,0.00,0.00,0.00,0.00,100
2002-11-19,0.00,100.00,0.00,0.00,0.00,0.00,100
2002-11-12,0.00,100.00,0.00,0.00,0.00,0.00,100
2002-11-05,0.00,100.00,63.14,0.00,0.00,0.00,163
2002-10-29,0.00,100.00,100.00,0.00,0.00,0.00,200
2002-10-22,0.00,100.00,100.00,0.00,0.00,0.00,200
2002-10-15,0.00,100.00,100.00,0.00,0.00,0.00,200
2002-10-08,0.00,100.00,100.00,0.00,0.00,0.00,200
2002-10-01,0.00,100.00,100.00,0.00,0.00,0.00,200
2002-09-24,0.00,100.00,100.00,0.00,0.00,0.00,200
2002-09-17,0.00,100.00,100.00,0.00,0.00,0.00,200
2002-09-10,0.00,100.00,100.00,0.00,0.00,0.00,200
2002-09-03,0.00,100.00,0.00,0.00,0.00,0.00,100
2002-08-27,0.00,100.00,0.00,0.00,0.00,0.00,100
2002-08-20,0.00,100.00,0.00,0.00,0.00,0.00,100
2002-08-13,0.00,100.00,0.00,0.00,0.00,0.00,100
2002-08-06,0.00,100.00,0.00,0.00,0.00,0.00,100
2002-07-30,0.00,100.00,97.56,0.00,0.00,0.00,198
2002-07-23,0.00,100.00,100.00,0.00,0.00,0.00,200
2002-07-16,0.00,100.00,100.00,0.00,0.00,0.00,200
2002-07-09,0.00,100.00,100.00,0.00,0.00,0.00,200
2002-07-02,0.00,100.00,100.00,100.00,0.00,0.00,300
2002-06-25,0.00,100.00,100.00,100.00,0.00,0.00,300
2002-06-18,0.00,100.00,100.00,100.00,0.00,0.00,300
2002-06-11,0.00,100.00,100.00,100.00,0.00,0.00,300
2002-06-04,0.00,100.00,100.00,0.00,0.00,0.00,200
2002-05-28,0.00,100.00,100.00,9.86,0.00,0.00,210
2002-05-21,0.00,100.00,100.00,8.08,0.00,0.00,208
2002-05-14,0.00,100.00,100.00,0.00,0.00,0.00,200
2002-05-07,0.00,100.00,99.88,0.00,0.00,0.00,200
2002-04-30,0.00,100.00,99.98,7.38,0.00,0.00,207
2002-04-23,0.00,100.00,100.00,2.60,0.00,0.00,203
2002-04-16,0.00,100.00,99.47,0.29,0.00,0.00,200
2002-04-09,0.00,100.00,99.86,0.73,0.00,0.00,201
2002-04-02,0.00,100.00,99.90,9.30,0.00,0.00,209
2002-03-26,0.00,100.00,100.00,100.00,0.00,0.00,300
2002-03-19,0.00,100.00,100.00,100.00,0.00,0.00,300
2002-03-12,0.00,100.00,100.00,100.00,0.00,0.00,300
2002-03-05,0.00,100.00,100.00,100.00,0.00,0.00,300
2002-02-26,0.00,100.00,100.00,100.00,0.00,0.00,300
2002-02-19,0.00,100.00,100.00,100.00,0.00,0.00,300
2002-02-12,0.00,100.00,100.00,100.00,3.39,0.00,303
2002-02-05,0.00,100.00,100.00,100.00,95.52,0.00,396
2002-01-29,0.00,100.00,100.00,100.00,100.00,0.00,400
2002-01-22,0.00,100.00,100.00,100.00,98.91,0.00,399
2002-01-15,0.00,100.00,100.00,100.00,98.12,0.00,398
2002-01-08,0.00,100.00,100.00,100.00,99.41,0.00,399
2002-01-01,0.00,100.00,100.00,100.00,99.16,0.00,399
2001-12-25,0.00,100.00,100.00,100.00,96.82,0.00,397
2001-12-18,0.00,100.00,100.00,100.00,96.82,0.00,397
2001-12-11,0.00,100.00,100.00,100.00,100.00,0.00,400
2001-12-04,0.00,100.00,100.00,100.00,100.00,0.00,400
2001-11-27,0.00,100.00,100.00,100.00,100.00,0.00,400
2001-11-20,0.00,100.00,100.00,100.00,100.00,0.00,400
2001-11-13,0.00,100.00,100.00,100.00,100.00,0.00,400
2001-11-06,0.00,100.00,100.00,100.00,100.00,0.00,400
2001-10-30,0.00,100.00,100.00,100.00,0.00,0.00,300
2001-10-23,0.00,100.00,100.00,100.00,0.00,0.00,300
2001-10-16,0.00,100.00,100.00,100.00,0.00,0.00,300
2001-10-09,0.00,100.00,100.00,100.00,0.00,0.00,300
2001-10-02,0.00,100.00,100.00,100.00,0.00,0.00,300
2001-09-25,0.00,100.00,100.00,100.00,0.00,0.00,300
2001-09-18,0.00,100.00,100.00,100.00,0.00,0.00,300
2001-09-11,0.00,100.00,100.00,100.00,0.00,0.00,300
2001-09-04,0.00,100.00,100.00,99.99,0.00,0.00,300
2001-08-28,0.00,100.00,100.00,100.00,0.00,0.00,300
2001-08-21,0.00,100.00,100.00,67.29,0.00,0.00,267
2001-08-14,0.00,100.00,100.00,67.27,0.00,0.00,267
2001-08-07,0.00,100.00,100.00,95.36,0.00,0.00,295
2001-07-31,0.00,100.00,100.00,85.23,0.00,0.00,285
2001-07-24,0.00,100.00,100.00,95.13,0.00,0.00,295
2001-07-17,0.00,100.00,100.00,82.11,0.00,0.00,282
2001-07-10,0.00,100.00,100.00,0.01,0.00,0.00,200
2001-07-03,0.00,100.00,100.00,0.01,0.00,0.00,200
2001-06-26,0.00,100.00,100.00,0.01,0.00,0.00,200
2001-06-19,0.00,100.00,100.00,0.01,0.00,0.00,200
2001-06-12,0.00,100.00,100.00,0.00,0.00,0.00,200
2001-06-05,0.00,100.00,37.55,0.00,0.00,0.00,138
2001-05-29,0.00,100.00,37.55,0.00,0.00,0.00,138
2001-05-22,0.00,100.00,37.55,0.00,0.00,0.00,138
2001-05-15,0.00,100.00,37.55,0.00,0.00,0.00,138
2001-05-08,0.00,100.00,37.45,0.00,0.00,0.00,137
2001-05-01,0.00,100.00,37.24,0.00,0.00,0.00,137
2001-04-24,0.00,100.00,0.00,0.00,0.00,0.00,100
2001-04-17,0.00,100.00,0.00,0.00,0.00,0.00,100
2001-04-10,0.00,100.00,6.31,0.00,0.00,0.00,106
2001-04-03,0.00,100.00,6.31,0.00,0.00,0.00,106
2001-03-27,0.00,100.00,6.31,0.00,0.00,0.00,106
2001-03-20,0.00,100.00,6.31,0.00,0.00,0.00,106
2001-03-13,0.00,100.00,6.31,0.00,0.00,0.00,106
2001-03-06,0.00,100.00,6.31,0.00,0.00,0.00,106
2001-02-27,0.00,100.00,6.31,0.00,0.00,0.00,106
2001-02-20,0.00,100.00,6.31,0.00,0.00,0.00,106
2001-02-13,0.00,100.00,6.31,0.00,0.00,0.00,106
2001-02-06,0.00,100.00,6.31,0.00,0.00,0.00,106
2001-01-30,0.00,100.00,1.29,0.00,0.00,0.00,101
2001-01-23,0.00,100.00,0.12,0.00,0.00,0.00,100
2001-01-16,0.00,100.00,0.11,0.00,0.00,0.00,100
2001-01-09,0.00,100.00,0.11,0.00,0.00,0.00,100
2001-01-02,0.00,100.00,0.11,0.00,0.00,0.00,100
2000-12-26,0.00,100.00,0.11,0.00,0.00,0.00,100
2000-12-19,0.00,100.00,0.12,0.00,0.00,0.00,100
2000-12-12,0.00,100.00,0.11,0.00,0.00,0.00,100
2000-12-05,0.00,100.00,0.11,0.00,0.00,0.00,100
2000-11-28,0.00,100.00,0.11,0.00,0.00,0.00,100
2000-11-21,0.00,100.00,0.11,0.00,0.00,0.00,100
2000-11-14,0.00,100.00,0.00,0.00,0.00,0.00,100
2000-11-07,0.00,100.00,0.00,0.00,0.00,0.00,100
2000-10-31,0.00,100.00,100.00,100.00,0.00,0.00,300
2000-10-24,0.00,100.00,100.00,98.97,0.00,0.00,299
2000-10-17,0.00,100.00,100.00,100.00,0.00,0.00,300
2000-10-10,0.00,100.00,100.00,100.00,0.00,0.00,300
2000-10-03,0.00,100.00,100.00,100.00,0.00,0.00,300
2000-09-26,0.00,100.00,100.00,100.00,0.00,0.00,300
2000-09-19,0.00,100.00,100.00,100.00,0.00,0.00,300
2000-09-12,0.00,100.00,100.00,100.00,0.00,0.00,300
2000-09-05,0.00,100.00,100.00,100.00,0.00,0.00,300
2000-08-29,0.00,100.00,100.00,100.00,0.00,0.00,300
2000-08-22,0.00,100.00,100.00,0.00,0.00,0.00,200
2000-08-15,0.00,100.00,0.00,0.00,0.00,0.00,100
2000-08-08,0.00,100.00,0.00,0.00,0.00,0.00,100
2000-08-01,0.00,100.00,0.00,0.00,0.00,0.00,100
2000-07-25,0.00,100.00,0.00,0.00,0.00,0.00,100
2000-07-18,0.00,100.00,0.00,0.00,0.00,0.00,100
2000-07-11,0.00,100.00,0.00,0.00,0.00,0.00,100
2000-07-04,0.00,100.00,0.00,0.00,0.00,0.00,100
2000-06-27,0.00,100.00,100.00,100.00,0.00,0.00,300
2000-06-20,0.00,100.00,100.00,100.00,62.88,0.00,363
2000-06-13,0.00,100.00,100.00,100.00,87.51,0.00,388
2000-06-06,0.00,100.00,100.00,100.00,87.51,0.00,388
2000-05-30,0.00,100.00,100.00,100.00,100.00,0.00,400
2000-05-23,0.00,100.00,100.00,100.00,0.00,0.00,300
2000-05-16,0.00,100.00,100.00,100.00,0.00,0.00,300
2000-05-09,0.00,100.00,100.00,100.00,0.00,0.00,300
2000-05-02,0.00,100.00,100.00,100.00,0.00,0.00,300
2000-04-25,0.00,100.00,100.00,100.00,0.00,0.00,300
2000-04-18,0.00,100.00,100.00,100.00,0.00,0.00,300
2000-04-11,0.00,100.00,100.00,100.00,0.00,0.00,300
2000-04-04,0.00,100.00,100.00,100.00,0.00,0.00,300
2000-03-28,0.00,100.00,100.00,100.00,0.00,0.00,300
2000-03-21,0.00,100.00,100.00,100.00,0.00,0.00,300
2000-03-14,0.00,100.00,100.00,100.00,0.00,0.00,300
2000-03-07,0.00,100.00,100.00,100.00,0.00,0.00,300
2000-02-29,0.00,100.00,100.00,100.00,0.00,0.00,300
2000-02-22,0.00,100.00,100.00,86.59,0.00,0.00,287
2000-02-15,0.00,100.00,100.00,86.57,0.00,0.00,287
2000-02-08,0.00,100.00,100.00,86.57,0.00,0.00,287
2000-02-01,0.00,100.00,100.00,86.57,0.00,0.00,287
2000-01-25,0.00,100.00,100.00,74.75,0.00,0.00,275
2000-01-18,0.00,100.00,100.00,74.73,0.00,0.00,275
2000-01-11,0.00,100.00,100.00,74.74,0.00,0.00,275
2000-01-04,0.00,100.00,100.00,74.75,0.00,0.00,275
